trial_num,transform,feature,builder_name,config_name,model_id,dataset_size,alignment_score,fluency_score,grammaticality_score,semantic_diversity,syntactic_diversity,morphological_diversity,mattr_diversity,unique_bigram_diversity,aug_time,a_time,f_time,g_time,sem_time,syn_time,mor_time,mtr_time,ubi_time,total_time
0,0,0,trec,default,aychang/bert-base-cased-trec-coarse,8,159.99403,3.629739084127138,inf,0.8176904921002822,1.1798234607659708,1.2109401019243298,0.6600894643131906,1.376068376068376,0.627650260925293,3.264369249343872,5.687720537185669,6.408421277999878,1.3795750141143799,0.8543334007263184,0.7969613075256348,0.006280660629272461,0.017369508743286133,19.042681217193604
0,0,1,trec,default,aychang/bert-base-cased-trec-coarse,18,0.9993099,4.7207710417666435,inf,0.8117385291170583,2.3221694698258473,0.9726136037534707,0.7282079389506074,1.8306451612903225,1.4203097820281982,15.072804927825928,5.395580768585205,2.8001561164855957,0.46945810317993164,0.4822850227355957,0.40720343589782715,0.0023784637451171875,0.00898885726928711,26.059165477752686
0,0,2,trec,default,aychang/bert-base-cased-trec-coarse,40,54.51332,3.325767904547263,inf,0.7629414881097418,0.931984085950698,1.0149923954069802,0.6740438065212011,1.627717391304348,0.9047515392303467,15.399928092956543,4.98097825050354,4.503713369369507,1.0320658683776855,1.0921456813812256,0.9032139778137207,0.007517576217651367,0.027221202850341797,28.85153555870056
0,0,3,trec,default,aychang/bert-base-cased-trec-coarse,2,91.45072,1.0670146543109287,2.9961552247705263e+307,0.9648106688045892,1.5404520122628902,1.1341508385476755,0.6135395537525355,1.263157894736842,0.6534185409545898,1.7546305656433105,7.0357444286346436,0.5584890842437744,0.17832517623901367,0.15256762504577637,0.19129419326782227,0.0012722015380859375,0.003133058547973633,10.52887487411499
0,0,4,trec,default,aychang/bert-base-cased-trec-coarse,25,98.476105,2.1789941771606514,inf,0.8059272116196172,0.872210750037903,0.9961712247280896,0.6762596029490948,1.4630225080385852,2.466196060180664,31.4152889251709,6.838942289352417,4.946908712387085,0.8696515560150146,1.6546809673309326,1.318406581878662,0.0075304508209228516,0.0207517147064209,49.53835725784302
0,0,5,trec,default,aychang/bert-base-cased-trec-coarse,128,140.08264,4.6571545056137404,inf,0.7656170543406952,0.5930341365131161,0.877264615374076,0.6498597599186575,1.470737913486005,2.419048309326172,165.97452569007874,10.291552305221558,24.597057819366455,3.9498813152313232,8.958354711532593,6.56125283241272,0.030611753463745117,0.08030533790588379,222.86259007453918
0,0,6,trec,default,aychang/bert-base-cased-trec-coarse,58,122.90025,4.266577534428448,inf,0.7524673701094413,0.6794456507602837,0.9090236550599766,0.6548041038130459,1.4977777777777779,1.0698621273040771,23.779199600219727,7.0963969230651855,13.439541816711426,1.7153396606445312,3.4580063819885254,3.2573068141937256,0.029139041900634766,0.047513723373413086,53.892306089401245
0,0,7,trec,default,aychang/bert-base-cased-trec-coarse,9,54.786663,2.4671791389282345,inf,0.850337138329528,1.0835890888511115,1.0267304458928042,0.6695204196867885,1.362962962962963,1.2695400714874268,5.6645448207855225,6.305790662765503,0.9585223197937012,0.2763946056365967,0.27927708625793457,0.22539258003234863,0.0018267631530761719,0.004927873611450195,14.98621678352356
0,0,8,trec,default,aychang/bert-base-cased-trec-coarse,58,114.19162,3.465974280736805,inf,0.754893538749866,1.0638588938611313,0.8796834503582437,0.6551538332972112,1.7274678111587982,1.0231857299804688,24.052824020385742,5.399015188217163,6.071900129318237,1.523895502090454,1.5561048984527588,1.325913429260254,0.010408878326416016,0.03880786895751953,41.002055644989014
0,0,9,trec,default,aychang/bert-base-cased-trec-coarse,18,127.286026,2.8700540957238463,inf,0.7933559928333958,0.9615616884476423,1.1311088548623163,0.6778021520509622,1.554945054945055,0.757957935333252,6.8333213329315186,4.44307017326355,1.9206616878509521,0.5882911682128906,1.1431822776794434,1.1305267810821533,0.006399631500244141,0.024100303649902344,16.847511291503906
0,0,10,trec,default,aychang/bert-base-cased-trec-coarse,20,86.58885,3.8952077191066277,inf,0.7865548480748541,0.989554642586758,0.959114933340497,0.6435625481387454,1.4351145038167938,1.4830734729766846,17.711798429489136,5.900370836257935,4.223077297210693,0.7123541831970215,1.1281616687774658,0.9700748920440674,0.005277395248413086,0.020154714584350586,32.15434288978577
0,0,11,trec,default,aychang/bert-base-cased-trec-coarse,128,96.78607,4.2775954973477965,inf,0.7480508093261414,0.8072306212273974,0.9056553753788456,0.6800204424788089,1.9228855721393034,3.1623988151550293,55.13521480560303,6.240813732147217,23.907222032546997,3.0559873580932617,6.5372655391693115,5.6175007820129395,0.019639253616333008,0.10134220123291016,103.77738451957703
0,0,12,trec,default,aychang/bert-base-cased-trec-coarse,60,50.2758,3.4457524046569383,inf,0.7888419839689819,0.9123434246480459,0.8657579759009928,0.6550679989567854,1.627906976744186,1.813199520111084,96.62768006324768,9.075233936309814,12.314640283584595,1.5553128719329834,3.101060152053833,3.1671254634857178,0.016988754272460938,0.07375216484069824,127.74499320983887
0,0,13,trec,default,aychang/bert-base-cased-trec-coarse,10,154.42473,2.2403416729577077,inf,0.8230564680714367,1.1720232776674115,1.0301250219007148,0.668779322498534,1.2857142857142858,1.0956761837005615,9.897109508514404,6.588599443435669,2.822859048843384,0.5162618160247803,0.7598757743835449,0.5954606533050537,0.004196643829345703,0.010910749435424805,22.290949821472168
0,0,14,trec,default,aychang/bert-base-cased-trec-coarse,10,64.188156,7.6824215910723375,inf,0.829703671152653,0.9944450533109636,1.0268351743340667,0.7221506833841627,1.6292134831460674,1.0031888484954834,8.803282022476196,6.331212043762207,2.247065544128418,0.4620518684387207,0.6185903549194336,0.493208646774292,0.0019960403442382812,0.00942850112915039,19.97002387046814
0,0,15,trec,default,aychang/bert-base-cased-trec-coarse,8,0.9999752,2.3414159915343227,inf,0.8612679606317944,1.4285633610656097,1.001422994088518,0.6852376204719169,1.5789473684210527,1.19466233253479,7.6607348918914795,7.915966510772705,1.650000810623169,0.23357582092285156,0.5718834400177002,0.4269556999206543,0.0024013519287109375,0.00883626937866211,19.665017127990723
0,0,16,trec,default,aychang/bert-base-cased-trec-coarse,59,139.82423,4.3272687368554035,inf,0.7733805639410678,0.8941980800397681,0.9131239954314438,0.6417924277442133,1.6216216216216217,1.984426498413086,38.04774498939514,5.463823318481445,6.124015808105469,1.5425348281860352,1.6779251098632812,1.3816349506378174,0.018075942993164062,0.04513835906982422,56.285319805145264
0,0,17,trec,default,aychang/bert-base-cased-trec-coarse,56,119.2409,5.612509479652642,inf,0.7446086648762712,0.8464417914756599,0.9022120049237972,0.632356736984171,1.5981308411214954,1.0872161388397217,20.66305708885193,5.1036951541900635,11.848082780838013,1.5508525371551514,5.771164655685425,4.691691875457764,0.00900578498840332,0.032154083251953125,50.75692009925842
0,0,18,trec,default,aychang/bert-base-cased-trec-coarse,26,123.463554,4.406082088374429,inf,0.7739590254952909,1.1099849098183867,1.2227909294356982,0.6332096493013248,1.539855072463768,2.2259862422943115,20.004371404647827,7.6669886112213135,2.5745835304260254,0.8334970474243164,0.827885627746582,0.6573896408081055,0.0044248104095458984,0.014664888381958008,34.809791803359985
0,0,19,trec,default,aychang/bert-base-cased-trec-coarse,6,1.2886441,1.1959145861396334,inf,0.8876247296503486,1.476844983020784,1.393868651420621,0.7215553677092134,1.6296296296296295,0.7994892597198486,2.430647373199463,4.51727294921875,0.6179358959197998,0.20684504508972168,0.1805858612060547,0.1435225009918213,0.0010724067687988281,0.0032219886779785156,8.900593280792236
0,0,20,trec,default,aychang/bert-base-cased-trec-coarse,128,106.27413,4.1097949700861145,inf,0.7660046803640223,0.6280504865380764,0.9230833767370948,0.6505222800927186,1.5802662490211432,1.3849122524261475,78.07395601272583,8.96270203590393,25.330283403396606,3.337292432785034,9.010334253311157,8.369357347488403,0.03126883506774902,0.10750889778137207,134.60761547088623
0,0,21,trec,default,aychang/bert-base-cased-trec-coarse,128,46.876293,3.905518280053902,inf,0.7587307230809991,0.7246359205201675,1.0124181863980266,0.6497646172071875,1.747,3.3648781776428223,151.97085738182068,8.468551397323608,20.729776859283447,3.1588258743286133,12.30530571937561,4.305851936340332,0.021761178970336914,0.07562136650085449,204.4014298915863
0,0,22,trec,default,aychang/bert-base-cased-trec-coarse,62,82.434814,3.2840347245662667,inf,0.8067498377416717,0.7929108906486806,1.0924155335691252,0.6453595372525297,1.5712025316455696,1.1039481163024902,25.25822639465332,6.0110182762146,7.366877555847168,3.193033218383789,1.8825244903564453,1.7306358814239502,0.012734413146972656,0.0452573299407959,46.60425567626953
0,0,23,trec,default,aychang/bert-base-cased-trec-coarse,128,138.37277,4.922866370484008,inf,0.7450796148713785,0.5985305565701371,0.938113353050031,0.6365512036287321,1.632879045996593,1.7817466259002686,94.13356876373291,9.294397115707397,14.653940916061401,6.16386866569519,3.8709890842437744,3.7308833599090576,0.023766040802001953,0.07830429077148438,133.7314648628235
0,0,24,trec,default,aychang/bert-base-cased-trec-coarse,65,99.640236,5.476617110075677,inf,0.7502036013827741,0.864896763661019,0.8518575341862923,0.6354325521309058,1.634517766497462,1.1834278106689453,88.83322668075562,7.640400409698486,12.682383060455322,1.7888939380645752,4.502317190170288,4.07046914100647,0.009047985076904297,0.03714179992675781,120.74730801582336
0,0,25,trec,default,aychang/bert-base-cased-trec-coarse,128,96.35776,4.444952193031438,inf,0.7477180493953026,0.6454191833914477,1.0126815600931407,0.6302696180096421,1.6860036832412524,3.486621618270874,172.96455025672913,8.620864391326904,15.942621231079102,3.090085029602051,4.01483941078186,3.605288505554199,0.023550748825073242,0.09287428855895996,211.84129548072815
0,0,26,trec,default,aychang/bert-base-cased-trec-coarse,115,117.4714,3.333526774462774,inf,0.7748676775302119,0.6398957456841405,0.8520318621168785,0.6542832990265969,1.5041384499623778,1.4619548320770264,70.86391711235046,8.86180305480957,16.906022548675537,3.1821019649505615,3.7324016094207764,3.353564977645874,0.026091575622558594,0.07831931114196777,108.46617698669434
0,0,27,trec,default,aychang/bert-base-cased-trec-coarse,128,99.16982,3.8125961910533364,inf,0.750600143316353,0.6130583079526561,0.8932438093248232,0.6407815052822774,1.6006467259498787,1.5982067584991455,50.55108571052551,8.213865041732788,17.39414405822754,3.4867727756500244,10.260172605514526,8.945195198059082,0.023525714874267578,0.07724785804748535,100.55021572113037
0,0,28,trec,default,aychang/bert-base-cased-trec-coarse,128,89.52191,3.172916372413248,inf,0.7852638217400946,0.726038812066125,0.9018516971328738,0.677463967443254,1.775,1.808804988861084,135.1351978778839,8.706228017807007,20.90597105026245,3.3320326805114746,6.657516002655029,6.1072304248809814,0.02570056915283203,0.13291358947753906,182.8115952014923
0,0,29,trec,default,aychang/bert-base-cased-trec-coarse,128,134.69258,3.5545749927031682,inf,0.7568634516938165,0.6337648567112399,0.9588166836890568,0.6648235559692881,1.5812846946867565,4.040168285369873,136.7878680229187,7.078733205795288,13.630826234817505,3.368159294128418,4.167783498764038,3.747767686843872,0.027621984481811523,0.08059024810791016,172.92951846122742
0,0,30,trec,default,aychang/bert-base-cased-trec-coarse,14,101.736,7.731975987038645,inf,0.8162475215130996,1.181075420361293,1.1862909627929712,0.6831524639743807,1.7596153846153846,0.8911561965942383,5.3917741775512695,4.776846408843994,1.4933125972747803,0.2873959541320801,0.35590553283691406,0.3128948211669922,0.001911163330078125,0.007471561431884766,13.518668413162231
0,0,31,trec,default,aychang/bert-base-cased-trec-coarse,128,124.24116,5.377130547991499,inf,0.7834654897511383,0.6727990253762024,0.8431454463142127,0.6470849531933642,1.5170969993021632,1.450331449508667,90.91836738586426,8.699922323226929,22.893608331680298,3.533869981765747,5.08219313621521,3.5160419940948486,0.02992844581604004,0.08047294616699219,136.204735994339
0,0,32,trec,default,aychang/bert-base-cased-trec-coarse,1,0.99999875,2.8818418211986447,1.0,1.026142092878006,1.3911901728348717,1.141073600200894,0.3541666666666667,1.2941176470588236,0.7329387664794922,0.460127592086792,4.3324902057647705,0.14649200439453125,0.10446834564208984,0.038793325424194336,0.03142189979553223,0.00041961669921875,0.0009129047393798828,5.848064661026001
0,0,33,trec,default,aychang/bert-base-cased-trec-coarse,128,131.22484,3.6202240687425538,inf,0.7576976659841693,0.7400078687787598,0.841110108170732,0.6538977423468392,1.6185737976782753,1.5560848712921143,118.97973656654358,10.614150524139404,22.885393619537354,3.3299403190612793,8.950681447982788,8.450690269470215,0.02575516700744629,0.09711647033691406,174.8895492553711
0,0,34,trec,default,aychang/bert-base-cased-trec-coarse,104,78.52564,5.469280641096574,inf,0.7474825211497991,0.6532355140478466,0.9635165436650505,0.6505729682886594,1.5793499043977055,2.70924711227417,139.0939667224884,8.040336608886719,12.009066343307495,2.7381021976470947,3.5156404972076416,3.0891780853271484,0.023581743240356445,0.07268548011779785,171.29180479049683
0,0,35,trec,default,aychang/bert-base-cased-trec-coarse,128,24.495888,3.0620837297393173,inf,0.7726184658162982,0.8501133511436558,0.9173200221540271,0.6754094426360613,1.775,1.6143198013305664,76.42279100418091,9.080601453781128,15.658950090408325,3.137871503829956,3.724806070327759,3.4284980297088623,0.02280569076538086,0.08828949928283691,113.17893314361572
0,0,36,trec,default,aychang/bert-base-cased-trec-coarse,128,119.39621,5.994596027845027,inf,0.731765479122097,0.7161924552639926,0.839089110290556,0.6418648728763132,1.7462834489593657,1.6155529022216797,47.466206550598145,8.053758144378662,23.471020460128784,3.2904162406921387,9.316736459732056,8.30991506576538,0.027019023895263672,0.139054536819458,101.68967938423157
0,0,37,trec,default,aychang/bert-base-cased-trec-coarse,2,24.53908,3.2381536110803792,1.0,0.928193177430059,1.8121202126328255,1.341814472864162,0.5303381642512077,1.4761904761904763,1.338747262954712,3.666722297668457,5.967056751251221,0.3040425777435303,0.1718766689300537,0.14537858963012695,0.133713960647583,0.0011701583862304688,0.0019271373748779297,11.730635404586792
0,0,38,trec,default,aychang/bert-base-cased-trec-coarse,2,96.65048,1.6516949496724231,1.0833333333333333,1.0056078008312885,1.377407223522423,1.3169920069488459,0.6216452830188676,1.3125,1.3302671909332275,3.5636074542999268,5.812899112701416,0.3592102527618408,0.15082836151123047,0.14664459228515625,0.14388203620910645,0.0012085437774658203,0.004433631896972656,11.512981176376343
0,0,39,trec,default,aychang/bert-base-cased-trec-coarse,63,134.67961,3.523832864327479,inf,0.7892030176905729,0.7374570350501124,1.0422307261218149,0.6535655175137458,1.5176304654442878,2.37337327003479,59.48188066482544,7.300806760787964,11.407581090927124,1.7701973915100098,3.57065486907959,4.142152309417725,0.01240682601928711,0.04388833045959473,90.10294151306152
0,0,40,trec,default,aychang/bert-base-cased-trec-coarse,25,72.78287,2.988674741559162,inf,0.7837122079326774,0.7793576406135609,1.1351448414723682,0.668902697192558,1.5,1.7014777660369873,42.06820011138916,6.337743282318115,4.679625749588013,0.7805099487304688,1.5395209789276123,1.5938756465911865,0.008738279342651367,0.023625850677490234,58.733317613601685
0,0,41,trec,default,aychang/bert-base-cased-trec-coarse,128,87.31997,4.227673597496657,inf,0.775920492366046,0.6114183388084752,0.8331516230660575,0.6359007229792997,1.5672782874617737,3.3459579944610596,78.16320490837097,7.385400295257568,20.253509998321533,3.5102269649505615,14.011336326599121,4.232637882232666,0.02547430992126465,0.08032846450805664,131.0080771446228
0,0,42,trec,default,aychang/bert-base-cased-trec-coarse,128,98.72465,3.9329827062760887,inf,0.7723109739721578,0.5817598576882778,0.8412989071383227,0.6488593391593707,1.6266778523489933,1.7043073177337646,53.39833164215088,8.347281694412231,20.335808515548706,3.5496158599853516,12.307321786880493,5.7292163372039795,0.029975175857543945,0.07890748977661133,105.48076581954956
0,0,43,trec,default,aychang/bert-base-cased-trec-coarse,128,61.033478,3.9823206175349815,inf,0.7748507374220166,0.6756589563542297,0.8831851476766528,0.6458590610301238,1.6009693053311793,1.6882069110870361,117.45821285247803,8.571526527404785,21.46567392349243,3.4127087593078613,9.29131817817688,8.387208938598633,0.01910233497619629,0.09939217567443848,170.3933506011963
0,1,0,trec,default,aychang/bert-base-cased-trec-coarse,8,219.8668,0.616863439316838,inf,0.903081561930619,1.551279710516996,1.1234161938804637,0.725834057608603,1.794871794871795,1.8013191223144531,13.68001389503479,5.943880796432495,1.4866018295288086,0.27701449394226074,0.4590146541595459,0.3466989994049072,0.0027730464935302734,0.004598379135131836,24.001915216445923
0,1,1,trec,default,aychang/bert-base-cased-trec-coarse,18,0.74116427,0.9453294205490805,inf,0.9734052139495816,1.2406663347536013,1.1630850440937495,0.698167015629931,1.935483870967742,1.609513759613037,27.85998249053955,6.1935718059539795,3.1962451934814453,0.6955142021179199,0.9172954559326172,0.7803261280059814,0.004387617111206055,0.013721466064453125,41.27055811882019
0,1,2,trec,default,aychang/bert-base-cased-trec-coarse,40,90.77505,0.5792957416644957,inf,0.835046763716102,1.0791943599469755,1.0455837020310692,0.7265189389320604,1.9565217391304348,2.6495749950408936,29.432167530059814,6.5396013259887695,3.9753894805908203,0.6885480880737305,0.9524757862091064,0.8806836605072021,0.010045766830444336,0.03894615173339844,45.16743278503418
0,1,3,trec,default,aychang/bert-base-cased-trec-coarse,2,91.44816,0.22262810088122162,2.9961552247705263e+307,1.0099516305578078,1.3936047341446574,0.9968324510802808,0.7148943270300333,1.8421052631578947,0.7540180683135986,0.9521727561950684,5.25986385345459,0.4473450183868408,0.15207386016845703,0.2170886993408203,0.1977837085723877,0.0025382041931152344,0.0020554065704345703,7.9849395751953125
0,1,4,trec,default,aychang/bert-base-cased-trec-coarse,25,31.855703,0.2903843742981184,inf,0.8452926058741657,0.9525366262926723,1.0398495152507,0.7520989689400017,1.977491961414791,5.138111114501953,23.26456880569458,8.363160371780396,5.968741416931152,0.554023027420044,0.7243576049804688,0.5862464904785156,0.003989219665527344,0.009255170822143555,44.61245322227478
0,1,5,trec,default,aychang/bert-base-cased-trec-coarse,128,87.69584,0.8407274331625029,inf,0.8263112930823829,1.1769779620339555,1.0344016810411796,0.7257217892485174,1.8527950310559007,3.4615440368652344,55.37857937812805,7.126206874847412,33.49700379371643,3.1454975605010986,3.7878997325897217,3.457010507583618,0.0261380672454834,0.062258243560791016,109.94213819503784
0,1,6,trec,default,aychang/bert-base-cased-trec-coarse,58,112.92161,0.40594234850424815,inf,0.8010148761202226,1.1684535843225745,1.0526695505933044,0.7450920888422333,2.0859259259259257,2.1043472290039062,23.48987340927124,6.424595355987549,6.7099974155426025,1.055288553237915,1.8453218936920166,3.769876718521118,0.014663219451904297,0.037708282470703125,45.451672077178955
0,1,7,trec,default,aychang/bert-base-cased-trec-coarse,9,93.84189,0.3328924407140267,inf,0.9022259840418501,1.2512817305199726,1.1161423952804665,0.7913874709227192,1.9850746268656716,1.8178999423980713,15.676675796508789,7.1974029541015625,2.0061850547790527,0.31331467628479004,0.6550278663635254,0.5860085487365723,0.003496408462524414,0.009402036666870117,28.265413284301758
0,1,8,trec,default,aychang/bert-base-cased-trec-coarse,58,93.66484,0.5158394926574452,inf,0.8526194883301187,1.1332603733383018,1.0464336839429065,0.7092582201955069,1.9763948497854078,4.1843647956848145,66.81462073326111,7.823920249938965,11.682169675827026,0.9214303493499756,3.4203476905822754,2.3422963619232178,0.017476320266723633,0.05662965774536133,97.26325583457947
0,1,9,trec,default,aychang/bert-base-cased-trec-coarse,18,100.69627,0.46462681322169186,inf,0.9306430003850534,1.2510868979356449,1.014768733510511,0.728817008430823,1.8626373626373627,2.0204195976257324,29.681100845336914,6.495569705963135,3.735413074493408,0.40239763259887695,0.8303170204162598,0.7098400592803955,0.004351377487182617,0.00778961181640625,43.88719892501831
0,1,10,trec,default,aychang/bert-base-cased-trec-coarse,20,52.57048,0.5605163295829102,inf,0.865791868698141,1.2426427808438099,1.1058537166219689,0.7028575137380475,1.8740458015267176,1.7018356323242188,19.590023040771484,6.540252447128296,3.5864975452423096,0.770888090133667,1.0729098320007324,0.747678279876709,0.005246400833129883,0.02994680404663086,34.04527807235718
0,1,11,trec,default,aychang/bert-base-cased-trec-coarse,128,70.82252,0.8200164434824769,inf,0.8661390517528632,1.0465318585239787,1.0114454548155785,0.7204064081149892,1.905710491367862,5.2472875118255615,121.5144956111908,8.038484811782837,12.650943517684937,1.5358636379241943,3.223996639251709,2.966864824295044,0.015926122665405273,0.05263185501098633,155.24649453163147
0,1,12,trec,default,aychang/bert-base-cased-trec-coarse,60,43.110348,0.4540058679788453,inf,0.8744544092427141,1.1162658032753248,1.0270047676380765,0.7292735892167521,2.0608228980322005,1.8116369247436523,23.26663041114807,5.976884365081787,15.031238555908203,0.9850237369537354,3.2153382301330566,4.060276746749878,0.013000011444091797,0.049896955490112305,54.40992593765259
0,1,13,trec,default,aychang/bert-base-cased-trec-coarse,10,158.55573,0.3177732770283394,inf,0.8793968159703596,1.3649253521719567,1.1272025089321567,0.7645357198622663,1.9682539682539681,2.2382967472076416,4.741796016693115,7.074747562408447,1.3253824710845947,0.33372950553894043,0.3165576457977295,0.24769830703735352,0.0021669864654541016,0.005742073059082031,16.28611731529236
0,1,14,trec,default,aychang/bert-base-cased-trec-coarse,10,48.88479,1.0416994539333575,inf,1.0129885339995222,1.0349857950282362,1.1907075512585066,0.6509316770186335,1.5280898876404494,0.8297317028045654,3.8379483222961426,4.404330015182495,1.2846736907958984,0.23947834968566895,0.2907092571258545,0.20514822006225586,0.0013818740844726562,0.0045468807220458984,11.0979483127594
0,1,15,trec,default,aychang/bert-base-cased-trec-coarse,8,0.8755712,0.5956959161140278,inf,0.9954897549913654,1.262706898877141,1.0891439812162849,0.6300783486725414,1.56,0.772752046585083,2.901730537414551,4.880140066146851,0.6675786972045898,0.2254796028137207,0.19645333290100098,0.15910029411315918,0.0012814998626708984,0.0028200149536132812,9.80733609199524
0,1,16,trec,default,aychang/bert-base-cased-trec-coarse,59,114.971115,0.3099730974620476,inf,0.864975951588179,1.385846725495022,1.0561650604035948,0.7178507503483078,2.075675675675676,1.7521984577178955,22.06922173500061,6.55410099029541,11.072388648986816,1.00700044631958,3.6054937839508057,2.4665510654449463,0.015247583389282227,0.05771350860595703,48.599916219711304
0,1,17,trec,default,aychang/bert-base-cased-trec-coarse,56,61.855366,0.5535993368416259,1.0700554374180451e+306,0.9146374760661045,1.2313512319830509,1.048290916458885,0.7716370210216587,2.2953271028037383,3.3170323371887207,67.2412281036377,7.915249586105347,11.929053783416748,0.9799613952636719,2.8016788959503174,2.371929168701172,0.024019241333007812,0.06084561347961426,96.6409981250763
0,1,18,trec,default,aychang/bert-base-cased-trec-coarse,26,113.66449,0.406749793834659,inf,0.8241642971504048,1.4208336198605103,1.0879740394016928,0.738836421573698,2.0434782608695654,2.016641616821289,45.8306679725647,6.5049889087677,4.974910020828247,0.5167453289031982,1.4014065265655518,1.4414732456207275,0.007550954818725586,0.016147375106811523,62.71053194999695
0,1,19,trec,default,aychang/bert-base-cased-trec-coarse,6,1.2964739,0.24164046224501115,inf,1.0078542545268832,1.105768643353448,1.0231404226465033,0.8214603223686762,2.0185185185185186,1.4443252086639404,10.843562126159668,6.611914157867432,0.9810147285461426,0.1871650218963623,0.3354058265686035,0.29386162757873535,0.0018992424011230469,0.004462242126464844,20.70361018180847
0,1,20,trec,default,aychang/bert-base-cased-trec-coarse,128,65.967964,0.6053349068149766,inf,0.8755025275166318,1.053938330814496,1.0185383258225684,0.7232280206973597,1.9734133790737565,5.484818458557129,81.14738750457764,6.218318939208984,34.26589846611023,1.8440399169921875,3.580929756164551,3.2677714824676514,0.02273106575012207,0.05895662307739258,135.89085221290588
0,1,21,trec,default,aychang/bert-base-cased-trec-coarse,128,54.53717,0.3967835260643892,inf,0.8610283021139429,1.1907155452303377,1.0305514608290107,0.729165148459387,2.073544433094995,3.492687702178955,51.53949737548828,6.497958421707153,23.401565551757812,1.6167404651641846,3.1362366676330566,2.9888179302215576,0.02024102210998535,0.05956149101257324,92.75330662727356
0,1,22,trec,default,aychang/bert-base-cased-trec-coarse,62,64.02852,0.4659118542694153,inf,0.9423130675595955,1.1002013398926165,1.0366963951446178,0.7195153630126144,1.9541139240506329,1.9896812438964844,25.978349208831787,8.113718748092651,17.148985385894775,1.1705551147460938,4.0381317138671875,1.6046817302703857,0.011617422103881836,0.03246736526489258,60.08818793296814
0,1,23,trec,default,aychang/bert-base-cased-trec-coarse,128,69.46219,0.5896253261751544,inf,0.8666301727801241,1.1799263057070397,1.0284697264310725,0.710096480210977,1.94375,3.3169422149658203,156.11147689819336,9.068966388702393,21.397387981414795,1.8714711666107178,7.680666446685791,7.895452260971069,0.027637004852294922,0.06214570999145508,207.4321460723877
0,1,24,trec,default,aychang/bert-base-cased-trec-coarse,65,58.49126,0.6896724960504538,inf,0.9112834455517486,1.1641021891404324,1.0403598142838002,0.7556929543886003,2.2351945854483923,4.7052857875823975,70.43152952194214,8.446199417114258,10.79857349395752,1.0318224430084229,1.580009937286377,1.400608777999878,0.01121068000793457,0.033910512924194336,98.43915057182312
0,1,25,trec,default,aychang/bert-base-cased-trec-coarse,128,57.16396,0.7888344299111378,inf,0.8927787589515916,1.0975855830352113,1.027751883162044,0.6759728653551506,1.7896311066799602,2.8936569690704346,51.39995741844177,7.368626594543457,18.722870588302612,1.9074337482452393,10.648562908172607,6.510928392410278,0.024488449096679688,0.05992770195007324,99.53645277023315
0,1,26,trec,default,aychang/bert-base-cased-trec-coarse,115,82.23192,0.5286252535893253,inf,0.8657360219438244,1.096121203494469,1.0135612784801615,0.7201919319567232,1.944277108433735,4.001065492630005,48.5630784034729,7.153258323669434,13.866074800491333,2.2047336101531982,10.5091233253479,6.263486385345459,0.029094696044921875,0.06882905960083008,92.65874409675598
0,1,27,trec,default,aychang/bert-base-cased-trec-coarse,128,68.967705,0.5079519769778972,inf,0.8502395304703525,1.1038428465692935,1.0194166427161426,0.7153863796352586,1.9657534246575343,6.355609178543091,154.19427704811096,8.417032241821289,24.157782077789307,2.094620704650879,8.90034556388855,7.013002395629883,0.026090383529663086,0.09683609008789062,211.2555956840515
0,1,28,trec,default,aychang/bert-base-cased-trec-coarse,128,75.265495,0.5452120860258999,inf,0.8912097485317081,1.1475298346766203,1.0157165255281169,0.7317120574671387,1.9758454106280192,5.516678810119629,137.6003954410553,8.77207326889038,12.245143413543701,1.9060766696929932,3.188403844833374,3.053250551223755,0.02992081642150879,0.08231759071350098,172.39426040649414
0,1,29,trec,default,aychang/bert-base-cased-trec-coarse,128,96.39481,0.4214087158069744,inf,0.851172474954427,1.0692931902789944,1.0271165949604295,0.7377020198892387,1.9763899466869763,3.54784893989563,58.17399263381958,8.625652074813843,14.272392988204956,1.9823615550994873,8.220768928527832,9.444902658462524,0.05849266052246094,0.10726284980773926,104.43367528915405
0,1,30,trec,default,aychang/bert-base-cased-trec-coarse,14,42.582024,0.6950775944575154,inf,1.0178668702133378,1.427991894295505,1.1148086501190346,0.7506262145606889,1.9423076923076923,3.1892857551574707,12.928121089935303,5.629751682281494,1.4533278942108154,0.23414969444274902,0.3567500114440918,0.3107738494873047,0.0028586387634277344,0.006488800048828125,24.111507415771484
0,1,31,trec,default,aychang/bert-base-cased-trec-coarse,128,63.061443,0.729803363431667,inf,0.8473969863996457,1.1361605198384126,1.0158625106809442,0.7264747954104062,1.9865343727852587,3.530681610107422,53.683640480041504,7.105523586273193,23.506892919540405,2.230147361755371,8.42447566986084,7.618683099746704,0.023012161254882812,0.08401226997375488,106.20706915855408
0,1,32,trec,default,aychang/bert-base-cased-trec-coarse,1,0.99999887,0.08500879201953325,1.0,1.040757789330108,1.3513009750086344,1.049119081161213,0.4666666666666667,1.7647058823529411,1.4214510917663574,1.9628863334655762,7.085164308547974,0.25095462799072266,0.12466001510620117,0.1136624813079834,0.04319405555725098,0.00039839744567871094,0.0008358955383300781,11.003207206726074
0,1,33,trec,default,aychang/bert-base-cased-trec-coarse,128,82.76362,0.9059828645178386,inf,0.8838252757972858,1.1387708473621856,1.0157795328449881,0.70857193490276,1.9558955895589558,5.836919784545898,150.4377269744873,9.134763717651367,22.171669006347656,1.9830589294433594,6.000677585601807,6.608943700790405,0.01656937599182129,0.06737375259399414,202.2577028274536
0,1,34,trec,default,aychang/bert-base-cased-trec-coarse,104,70.550995,0.45589796569780144,inf,0.8048386218740547,1.2238684192952731,1.037891932955138,0.7498647016279378,2.132887189292543,6.517829179763794,70.63811588287354,8.713691711425781,22.166971683502197,1.7694990634918213,3.3202004432678223,2.7091445922851562,0.019731760025024414,0.049395084381103516,115.90457940101624
0,1,35,trec,default,aychang/bert-base-cased-trec-coarse,128,34.202316,0.3659980539693019,inf,0.8532382456726131,1.1354824477481953,1.0284332273724763,0.7349321385395673,2.0375586854460095,3.2732691764831543,50.76223683357239,7.434069871902466,13.45826268196106,1.7477061748504639,7.40287971496582,7.1379101276397705,0.04504108428955078,0.09933710098266602,91.36071276664734
0,1,36,trec,default,aychang/bert-base-cased-trec-coarse,128,104.75179,0.7853926350646039,inf,0.8549680328088098,1.0391577829995322,1.031012559644556,0.6988829731972991,1.9350525310410698,6.26700496673584,54.93817090988159,5.860049247741699,13.888042449951172,1.7465057373046875,3.9406752586364746,7.727486610412598,0.02203822135925293,0.07141613960266113,94.46138954162598
0,1,37,trec,default,aychang/bert-base-cased-trec-coarse,2,25.544731,0.35442136709369443,0.75,1.0237515440677278,0.9954725577866355,1.1264042820399016,0.5118954248366012,1.5238095238095237,1.246478796005249,3.6473116874694824,6.678510904312134,0.33327150344848633,0.10915470123291016,0.1336982250213623,0.09810709953308105,0.0007994174957275391,0.0020172595977783203,12.249349594116211
0,1,38,trec,default,aychang/bert-base-cased-trec-coarse,2,0.16823687,0.10582892586369412,0.6666666666666666,1.0271816715086475,2.28646089297543,1.202261222670785,0.740221276595744,2.0,1.2529785633087158,3.499074697494507,6.010547399520874,0.4162118434906006,0.12204122543334961,0.13657903671264648,0.0883018970489502,0.0008971691131591797,0.0015764236450195312,11.528208255767822
0,1,39,trec,default,aychang/bert-base-cased-trec-coarse,63,104.453384,0.7245585466520889,inf,0.8891838259620474,1.140644321060134,1.0335003106585818,0.7049300929868629,1.8366197183098592,3.6429831981658936,78.7277319431305,7.3043811321258545,13.586172580718994,1.1350071430206299,2.9657680988311768,2.913816452026367,0.01462554931640625,0.0403134822845459,110.33079957962036
0,1,40,trec,default,aychang/bert-base-cased-trec-coarse,25,23.414917,0.31611496715432846,inf,0.8665431005527868,1.156037465502446,1.0521383023215234,0.7301387082029476,1.8923611111111112,2.2590675354003906,32.18225121498108,5.9260094165802,5.1317033767700195,0.5001556873321533,1.6790549755096436,1.1328163146972656,0.006811857223510742,0.012097358703613281,48.829967737197876
0,1,41,trec,default,aychang/bert-base-cased-trec-coarse,128,56.401947,0.4517278541979651,inf,0.9110994943329698,1.1044108914885864,1.032279518503548,0.694199535126972,1.8408360128617363,5.588921308517456,110.52114748954773,6.070134878158569,12.140541791915894,3.7585384845733643,3.1551358699798584,2.8485584259033203,0.02176833152770996,0.05837249755859375,144.1631190776825
0,1,42,trec,default,aychang/bert-base-cased-trec-coarse,128,81.70481,0.7035546843141504,inf,0.8843628568766314,1.0328713641384661,1.0192037169327754,0.7356661689263312,2.134125636672326,2.929657220840454,93.40555882453918,6.206167936325073,12.688931941986084,2.0406501293182373,3.401127576828003,5.685100793838501,0.01881718635559082,0.05670952796936035,126.43272113800049
0,1,43,trec,default,aychang/bert-base-cased-trec-coarse,128,61.83134,0.38709965607171065,inf,0.8334999459668413,1.1480192061492585,1.031724152968371,0.7270561794237123,2.0911371237458196,7.1844563484191895,172.6229932308197,7.471882343292236,22.056915760040283,2.0563318729400635,7.4051454067230225,7.2667012214660645,0.018299579620361328,0.06047773361206055,226.14320349693298
0,2,0,trec,default,aychang/bert-base-cased-trec-coarse,8,159.9216,1.3647462866493631,inf,0.9479185910720554,1.1865652203654395,1.085689076794095,0.6387171242476698,1.264957264957265,1.9441063404083252,15.535980701446533,5.838492393493652,1.6213600635528564,0.2996952533721924,0.6083452701568604,0.5087647438049316,0.002613544464111328,0.00815582275390625,26.36751413345337
0,2,1,trec,default,aychang/bert-base-cased-trec-coarse,18,0.73481774,1.274708287012118,inf,1.0009776052511217,1.0671990636425066,1.0815331279454437,0.6349509007964117,1.3306451612903225,2.231339693069458,14.470294952392578,6.6474151611328125,1.8312067985534668,0.3806629180908203,0.4529130458831787,0.3933548927307129,0.00238800048828125,0.0068056583404541016,26.416381120681763
0,2,2,trec,default,aychang/bert-base-cased-trec-coarse,40,81.198265,0.8161018509417651,inf,0.929289750564781,1.0272667953121974,1.0361278634989575,0.6191926254547031,1.2826086956521738,1.760676622390747,15.888567924499512,4.738259792327881,11.550941228866577,0.7006311416625977,1.0962822437286377,0.945087194442749,0.007078409194946289,0.01974320411682129,36.70726776123047
0,2,3,trec,default,aychang/bert-base-cased-trec-coarse,2,91.40769,0.23692886781550884,1.1111111111111112,1.0145206579292794,1.233263900736896,0.9968324510802808,0.6473971078976642,1.5,0.8000555038452148,1.0739035606384277,5.227401494979858,0.3809797763824463,0.10164451599121094,0.07764673233032227,0.05992746353149414,0.0007710456848144531,0.0011858940124511719,7.72351598739624
0,2,4,trec,default,aychang/bert-base-cased-trec-coarse,25,68.30383,0.41529120384534884,inf,0.9526056418516805,0.9262587144080046,1.0863404959259142,0.6643522891294114,1.382636655948553,2.323946952819824,11.112574815750122,5.342267990112305,7.021016597747803,0.6459360122680664,1.7586660385131836,1.4399256706237793,0.00785517692565918,0.018787145614624023,29.670976400375366
0,2,5,trec,default,aychang/bert-base-cased-trec-coarse,128,107.31864,1.064603084682233,inf,0.9052472865118805,1.0095564008108302,1.0059691896223117,0.6255140992697243,1.273840206185567,8.198729991912842,68.8728985786438,6.868512868881226,25.969914436340332,2.630540370941162,10.825095176696777,7.471290349960327,0.018697261810302734,0.050597190856933594,130.9062762260437
0,2,6,trec,default,aychang/bert-base-cased-trec-coarse,58,105.12014,0.5676641819306097,inf,0.8988846686752759,1.0992326314445784,1.057727657289146,0.6324659316964668,1.3614814814814815,2.1977195739746094,34.61302924156189,6.881487846374512,14.265300750732422,1.2216877937316895,4.134883403778076,3.57714581489563,0.009493112564086914,0.022235393524169922,66.92298293113708
0,2,7,trec,default,aychang/bert-base-cased-trec-coarse,9,101.02998,0.377290336000377,inf,0.9923729330895785,0.952260809470787,1.1574900431241453,0.6658179169005516,1.2592592592592593,2.1528680324554443,15.408982753753662,5.971313714981079,1.8229546546936035,0.3218998908996582,0.4488368034362793,0.3909792900085449,0.003485441207885742,0.0068988800048828125,26.52821946144104
0,2,8,trec,default,aychang/bert-base-cased-trec-coarse,58,104.66902,0.8300316157629096,inf,0.963091265668294,1.0010166436547188,1.025394879268515,0.6049985085439112,1.2896995708154506,3.000399112701416,92.52180075645447,9.06180739402771,12.260088205337524,0.9360454082489014,2.385105609893799,2.2717883586883545,0.017801761627197266,0.036008358001708984,122.49084496498108
0,2,9,trec,default,aychang/bert-base-cased-trec-coarse,18,98.42787,1.013476498321188,inf,0.942505926513493,1.0578884669902646,0.9906906774744256,0.6473591550616022,1.2857142857142858,1.5388457775115967,16.008151531219482,5.9360527992248535,2.350222110748291,0.37456631660461426,0.46753859519958496,0.35379910469055176,0.0026140213012695312,0.006309032440185547,27.03809928894043
0,2,10,trec,default,aychang/bert-base-cased-trec-coarse,20,75.27774,0.8861573713521023,inf,0.9144230391202566,1.0542382326122974,1.1588228617700784,0.6207204354874672,1.3053435114503817,1.0404634475708008,10.13463544845581,7.775466680526733,4.7076027393341064,0.48929572105407715,1.1628062725067139,1.0382885932922363,0.005335807800292969,0.011872053146362305,26.365766763687134
0,2,11,trec,default,aychang/bert-base-cased-trec-coarse,128,89.41184,1.0164982639060647,inf,0.9569436506004012,1.1372092797852644,1.004508296076366,0.5924031134804532,1.2572877059569074,6.543061017990112,62.95027470588684,5.618706941604614,15.052639961242676,1.6533880233764648,4.579023361206055,7.592215538024902,0.05683302879333496,0.06934380531311035,104.11548638343811
0,2,12,trec,default,aychang/bert-base-cased-trec-coarse,60,41.7924,0.4942190695471711,inf,0.9599646426698415,1.1213205270815885,1.105938409913673,0.6343629196968353,1.4150268336314848,4.484455347061157,48.94474148750305,6.301594972610474,7.657535552978516,1.0260415077209473,1.4767756462097168,1.282562494277954,0.01058650016784668,0.028109073638916016,71.21240258216858
0,2,13,trec,default,aychang/bert-base-cased-trec-coarse,10,158.45334,0.2422657345988671,inf,0.9661013161578716,0.9466173615241648,1.1716018960971704,0.6687316917068052,1.2765957446808511,0.9189093112945557,4.411616325378418,4.555783271789551,1.4076919555664062,0.6941478252410889,0.3190929889678955,0.23488211631774902,0.0021181106567382812,0.00562286376953125,12.549864768981934
0,2,14,trec,default,aychang/bert-base-cased-trec-coarse,10,44.57738,1.1829877142224752,inf,1.0277691511160265,0.8770128189350987,1.1841133820312777,0.6180892448512586,1.1685393258426966,0.7786855697631836,3.768477439880371,4.1507158279418945,1.3915746212005615,0.28430771827697754,0.23599767684936523,0.21216106414794922,0.0013289451599121094,0.005079507827758789,10.828328371047974
0,2,15,trec,default,aychang/bert-base-cased-trec-coarse,8,0.91397285,0.8163247336166854,inf,1.0399015357675687,1.0083436949801732,1.0687157168723314,0.5840995250337695,1.0394736842105263,0.7701499462127686,6.551799535751343,6.794709920883179,1.5276334285736084,0.23179936408996582,0.41083264350891113,0.4052422046661377,0.002260923385620117,0.006046772003173828,16.700474739074707
0,2,16,trec,default,aychang/bert-base-cased-trec-coarse,59,116.24285,0.3749422106688859,inf,0.9304647769056393,1.4097480334297068,1.1066721932815327,0.6211766564697484,1.3927927927927928,3.8601338863372803,67.42290234565735,6.9049999713897705,13.716846466064453,2.0152294635772705,3.715606927871704,3.6312801837921143,0.012978315353393555,0.03140664100646973,101.3113842010498
0,2,17,trec,default,aychang/bert-base-cased-trec-coarse,56,66.328064,0.7917625255961122,inf,0.9980257937951514,1.0892580275418,1.053703455955854,0.6367062106120976,1.5242537313432836,4.32641077041626,82.63395619392395,6.729410409927368,11.722803831100464,0.9901175498962402,2.7060701847076416,3.4385948181152344,0.010957479476928711,0.04778146743774414,112.60610270500183
0,2,18,trec,default,aychang/bert-base-cased-trec-coarse,26,112.48344,0.6415816361982284,inf,0.9245217694553843,1.181740099907125,1.1149895594746388,0.612623912358516,1.289855072463768,2.900493860244751,27.197014808654785,6.302863121032715,5.047755479812622,0.5533080101013184,1.2004938125610352,1.140697956085205,0.004709959030151367,0.013156890869140625,44.360493898391724
0,2,19,trec,default,aychang/bert-base-cased-trec-coarse,6,1.4843352,0.25013548677157643,0.1388888888888889,1.0450027425609243,0.9999968265850642,1.0290781908356839,0.6705256453486191,1.3148148148148149,1.2529668807983398,2.4604411125183105,6.352884531021118,0.5926775932312012,0.22688078880310059,0.15331506729125977,0.11784887313842773,0.0010313987731933594,0.0022470951080322266,11.160293340682983
0,2,20,trec,default,aychang/bert-base-cased-trec-coarse,128,78.06217,0.7825035644630907,inf,0.9412947776873691,0.9842894400644948,1.1597185250295443,0.6111209785164239,1.3629103815439219,2.9680633544921875,64.21680641174316,7.417675495147705,30.177319288253784,2.18715500831604,3.2556474208831787,2.9696218967437744,0.02516007423400879,0.05677437782287598,113.27422332763672
0,2,21,trec,default,aychang/bert-base-cased-trec-coarse,128,42.543537,0.6471207896964919,inf,0.9541306162494624,1.163755994261941,1.037397160303144,0.6316819113851831,1.490138067061144,3.475710868835449,50.642064571380615,5.99814248085022,27.772737979888916,1.9920227527618408,5.41626763343811,3.016664743423462,0.022389888763427734,0.05646324157714844,98.39246416091919
0,2,22,trec,default,aychang/bert-base-cased-trec-coarse,62,95.55725,0.5846344219507633,inf,0.9605591198257748,1.0394550143926335,1.2426489445771585,0.6269787286394063,1.356012658227848,2.0631661415100098,53.69609189033508,6.953465700149536,12.766469717025757,1.1445231437683105,2.9446146488189697,3.545306921005249,0.05503273010253906,0.039226531982421875,83.20789742469788
0,2,23,trec,default,aychang/bert-base-cased-trec-coarse,128,118.73971,1.082379427835733,inf,0.93334314360572,1.1125140764698573,1.008355516987105,0.6073088692329744,1.3596872284969592,5.6462743282318115,163.45503568649292,8.175976753234863,25.138346433639526,1.9701168537139893,5.723002672195435,6.336065053939819,0.0259554386138916,0.09134268760681152,216.56211590766907
0,2,24,trec,default,aychang/bert-base-cased-trec-coarse,65,50.603565,0.8869925275100793,inf,0.9981603082759497,1.091785378645667,1.0513648255739327,0.6235423312996777,1.5050675675675675,2.7838387489318848,25.713642358779907,5.298966884613037,14.778798341751099,1.3130254745483398,4.699949264526367,1.665184497833252,0.01251530647277832,0.03406095504760742,56.29998183250427
0,2,25,trec,default,aychang/bert-base-cased-trec-coarse,128,83.33774,1.510793935981914,inf,0.9440484280385439,1.04443097128931,0.9938056689038345,0.5860695624933998,1.2643343051506317,3.3014144897460938,57.920695066452026,6.557429552078247,20.05053448677063,1.812896490097046,6.663469314575195,10.256625890731812,0.015037298202514648,0.06668710708618164,106.64478969573975
0,2,26,trec,default,aychang/bert-base-cased-trec-coarse,115,80.08694,0.6049132658550178,inf,0.9617135277626941,0.9413498717966243,1.07797260097431,0.6361195923298918,1.3340857787810383,4.39414381980896,50.55912899971008,6.8443522453308105,19.22202754020691,2.349435329437256,6.512902021408081,8.732968091964722,0.023849964141845703,0.05967521667480469,98.69848322868347
0,2,27,trec,default,aychang/bert-base-cased-trec-coarse,128,80.90038,0.6122561464426637,inf,0.9396313651390077,0.9733009634815136,1.0229669121164922,0.6175372817333478,1.3165244375484872,3.5729620456695557,99.43333911895752,8.261529207229614,28.70198369026184,2.210296630859375,7.553502082824707,5.693898916244507,0.019078969955444336,0.08004069328308105,155.52663135528564
0,2,28,trec,default,aychang/bert-base-cased-trec-coarse,128,73.42623,0.7598932776526394,inf,0.9899916951673228,1.036824169707535,1.0063610581134763,0.6319685959273803,1.3515704154002026,5.8681182861328125,172.48454999923706,7.069746255874634,16.215455532073975,3.9121105670928955,3.393644332885742,3.1553730964660645,0.020234107971191406,0.054282188415527344,212.1735143661499
0,2,29,trec,default,aychang/bert-base-cased-trec-coarse,128,91.56604,0.5531483590030781,inf,0.9219596570675457,1.020481040007905,1.1775161805114096,0.631052354279601,1.3838304552590266,3.8211827278137207,98.41091442108154,6.42500638961792,18.71625781059265,2.110978841781616,3.527338743209839,8.067658185958862,0.026439666748046875,0.07499122619628906,141.1807680130005
0,2,30,trec,default,aychang/bert-base-cased-trec-coarse,14,134.59885,0.5422975823699788,inf,1.006651373440748,1.0510011755824011,1.1602916302131003,0.5620669320359725,1.3269230769230769,2.665804624557495,13.185800313949585,6.242976188659668,1.9634580612182617,0.2959859371185303,0.3796403408050537,0.29082417488098145,0.001980304718017578,0.004746198654174805,25.031216144561768
0,2,31,trec,default,aychang/bert-base-cased-trec-coarse,128,75.488846,1.0323007310507342,inf,0.9220089804769391,1.0327185964128762,1.0421775344888369,0.6236773525093363,1.3024079320113315,3.651806354522705,106.06799125671387,8.61657190322876,32.14344120025635,2.3139922618865967,3.9285669326782227,3.271338939666748,0.028494834899902344,0.061434030532836914,160.083637714386
0,2,32,trec,default,aychang/bert-base-cased-trec-coarse,1,1.0000097,0.4539700633833003,1.0,1.0528788214608544,2.2227701944537386,1.023988960298079,0.4222222222222222,1.5294117647058822,0.8043098449707031,0.4967811107635498,4.587899446487427,0.1368107795715332,0.06629633903503418,0.038773536682128906,0.030525922775268555,0.0004744529724121094,0.0008590221405029297,6.16273045539856
0,2,33,trec,default,aychang/bert-base-cased-trec-coarse,128,101.484215,0.9198545562524929,inf,0.9334213147885505,1.0186943879347325,1.0830191500192636,0.6044239321512485,1.255077173030057,3.3348727226257324,94.29445457458496,8.070906162261963,28.114807844161987,2.1393048763275146,5.760557174682617,7.33946418762207,0.023345232009887695,0.06661462783813477,149.14432740211487
0,2,34,trec,default,aychang/bert-base-cased-trec-coarse,104,78.20172,0.8623798763343969,inf,0.8986723342580164,1.1338416454786777,1.0199384059906416,0.6369865013063694,1.478510028653295,8.741908073425293,152.70340704917908,7.2774975299835205,18.23784565925598,1.8230907917022705,2.6516947746276855,2.37569522857666,0.03154730796813965,0.0697169303894043,193.91240334510803
0,2,35,trec,default,aychang/bert-base-cased-trec-coarse,128,32.147995,0.43157989144231007,inf,0.9333909559905615,1.1162690090142988,1.1259192885513716,0.6171494148993121,1.3294346978557505,2.918721914291382,95.30782437324524,8.047424077987671,15.07516074180603,1.9140651226043701,2.986111879348755,3.216259717941284,0.021349430084228516,0.05687451362609863,129.54379177093506
0,2,36,trec,default,aychang/bert-base-cased-trec-coarse,128,116.220276,0.7155307987120434,inf,0.951351163732115,1.0567632645719751,1.0664668948379212,0.5986731335730535,1.2787934186471663,3.1605758666992188,93.54483079910278,8.211379528045654,25.634076833724976,1.9093241691589355,7.264019012451172,7.636052131652832,0.027685880661010742,0.08242106437683105,147.4703652858734
0,2,37,trec,default,aychang/bert-base-cased-trec-coarse,2,3.7687309,0.816433621624938,0.8333333333333334,0.9880746291438619,0.9963551305223197,1.1385083982991566,0.4572549019607844,1.0952380952380953,1.4828014373779297,2.4756829738616943,6.123656749725342,0.4113433361053467,0.13177943229675293,0.11274361610412598,0.10565829277038574,0.0008826255798339844,0.0019752979278564453,10.846523761749268
0,2,38,trec,default,aychang/bert-base-cased-trec-coarse,2,1.0708445,0.16304034288166547,0.611111111111111,0.9841961101472017,1.1741628344789161,1.204823497892681,0.6514382978723411,1.28125,1.251293420791626,2.0376088619232178,5.9052815437316895,0.49507927894592285,0.13378190994262695,0.17470335960388184,0.14900779724121094,0.0019559860229492188,0.002371072769165039,10.15108323097229
0,2,39,trec,default,aychang/bert-base-cased-trec-coarse,63,106.9454,0.9212755669336119,inf,0.9386348353747733,1.0847072953532662,1.0307978126920119,0.6322276254343187,1.2887323943661972,3.639341354370117,65.0162992477417,7.403867959976196,7.498719692230225,1.2373127937316895,1.5712075233459473,1.4535796642303467,0.012659549713134766,0.030352354049682617,87.86334013938904
0,2,40,trec,default,aychang/bert-base-cased-trec-coarse,25,44.058838,0.5747655973259159,inf,0.94448585847091,0.9861226080266148,1.0408354572385579,0.6602451056855105,1.3576388888888888,1.120049238204956,10.002871990203857,4.357238531112671,3.4109153747558594,0.477034330368042,0.6231503486633301,0.5091698169708252,0.0036420822143554688,0.00881648063659668,20.512888193130493
0,2,41,trec,default,aychang/bert-base-cased-trec-coarse,128,74.48986,0.6909747063908336,inf,0.9512722318004513,1.0168979070079533,1.1657368312046048,0.6212896882425282,1.3382679496669134,3.047867774963379,112.59776043891907,8.535533666610718,24.54402208328247,3.450737476348877,7.136638402938843,5.30619740486145,0.04442954063415527,0.0719296932220459,164.735116481781
0,2,42,trec,default,aychang/bert-base-cased-trec-coarse,128,80.47463,0.7727176058430979,inf,0.9650772732200282,1.0580763760874394,1.036090632340887,0.6314791241163654,1.4481327800829875,5.543704271316528,159.15819764137268,8.159383296966553,21.29913830757141,2.167074680328369,3.697786808013916,3.419260025024414,0.024005889892578125,0.058587074279785156,203.52713799476624
0,2,43,trec,default,aychang/bert-base-cased-trec-coarse,128,48.49584,1.0790458511115268,inf,0.9454974871540238,1.0397810194113966,1.1451831445756187,0.6168524216318089,1.328099173553719,3.6912965774536133,82.58544969558716,9.945828676223755,17.533145666122437,2.1071553230285645,3.381531238555908,3.059448480606079,0.023562908172607422,0.0558469295501709,122.3832654953003
0,3,0,trec,default,aychang/bert-base-cased-trec-coarse,8,90.2199,1.414445522429455,inf,1.0066764257902208,1.2146512162388066,1.0927487929348645,0.6455060664112388,1.1896551724137931,0.858468770980835,3.3941287994384766,4.455190896987915,0.9515516757965088,0.17079806327819824,0.23385310173034668,0.20671391487121582,0.0017952919006347656,0.0046231746673583984,10.27712368965149
0,3,1,trec,default,aychang/bert-base-cased-trec-coarse,18,0.99999315,2.8030285296441355,inf,0.999851678979846,1.0125404566752918,1.1669435396161194,0.6292915362771947,1.1935483870967742,1.057204008102417,7.612487077713013,4.832007646560669,6.106841802597046,0.46474146842956543,1.3871538639068604,1.2343389987945557,0.004853487014770508,0.013597488403320312,22.713225841522217
0,3,2,trec,default,aychang/bert-base-cased-trec-coarse,40,107.849075,1.6828631725175627,inf,0.9890018066663819,1.1124854084882265,1.0149256523182366,0.6479945783612096,1.3668478260869565,3.694690704345703,36.16348314285278,5.937243223190308,4.179858922958374,1.1969637870788574,1.0256376266479492,0.8877696990966797,0.008671045303344727,0.019072771072387695,53.11339092254639
0,3,3,trec,default,aychang/bert-base-cased-trec-coarse,2,91.383514,0.9949228898072993,1.1666666666666667,1.010950398098395,0.999992054313942,1.0202040612204069,0.5856618464961066,1.0263157894736843,0.7751376628875732,0.9782805442810059,5.942530155181885,0.4317460060119629,0.11170291900634766,0.13396763801574707,0.1016542911529541,0.0017974376678466797,0.0020449161529541016,8.478861570358276
0,3,4,trec,default,aychang/bert-base-cased-trec-coarse,25,117.11912,1.7086902454354571,inf,0.9942538735062987,1.0841868837594322,1.033402811468286,0.6336705365795744,1.1221864951768488,1.879634141921997,21.671228647232056,7.333871603012085,4.971053600311279,0.5978741645812988,1.1604390144348145,1.0678691864013672,0.009654521942138672,0.021385669708251953,38.71301054954529
0,3,5,trec,default,aychang/bert-base-cased-trec-coarse,128,140.52061,2.3745237829997743,inf,0.9871897033360154,0.9803154318196187,1.034760086472095,0.6282934102190602,1.2195431472081217,4.981006860733032,170.54675102233887,9.517193794250488,22.04720902442932,2.2166659832000732,7.187976360321045,6.560972690582275,0.04869794845581055,0.06554436683654785,223.17201805114746
0,3,6,trec,default,aychang/bert-base-cased-trec-coarse,58,141.36829,3.139152691030222,inf,0.983900583962866,1.0586989999129608,1.0346823771599307,0.61569535825302,1.1511111111111112,3.3307948112487793,27.017184734344482,5.182708024978638,6.445790529251099,1.0291204452514648,1.7461349964141846,1.5866303443908691,0.012284278869628906,0.029523849487304688,46.38017201423645
0,3,7,trec,default,aychang/bert-base-cased-trec-coarse,9,59.068462,2.2693987239796036,inf,1.000000023450277,1.0000019339989625,1.0983653800547393,0.6377126377587803,1.0,1.0328359603881836,3.9215025901794434,4.275362968444824,1.0240564346313477,0.23747563362121582,0.255678653717041,0.22211098670959473,0.0017218589782714844,0.0034749507904052734,10.974220037460327
0,3,8,trec,default,aychang/bert-base-cased-trec-coarse,58,114.92394,1.6810634448995065,inf,1.0011343539982256,1.0436263396474352,1.1160575484369029,0.5943626462036582,1.148068669527897,1.6899726390838623,42.930776834487915,6.888779878616333,11.469208478927612,1.0635449886322021,1.377002477645874,1.1606314182281494,0.011813640594482422,0.04381513595581055,66.63554549217224
0,3,9,trec,default,aychang/bert-base-cased-trec-coarse,18,89.598305,0.8380218512837188,inf,0.9906517345522072,1.1519404478427646,1.036911084766225,0.7311049036718722,1.6795580110497237,1.143239974975586,7.0403478145599365,4.354366064071655,1.8170156478881836,0.39214015007019043,0.4511549472808838,0.37436985969543457,0.0026137828826904297,0.006170749664306641,15.581418991088867
0,3,10,trec,default,aychang/bert-base-cased-trec-coarse,20,66.15542,2.2612619991394585,inf,0.9878052872341359,1.089478029703899,1.0451987801569826,0.6316869782971606,1.2699619771863118,0.9151265621185303,7.160836696624756,4.3318376541137695,1.8116564750671387,0.4256610870361328,0.48758697509765625,0.4033827781677246,0.0030651092529296875,0.007320404052734375,15.546473741531372
0,3,11,trec,default,aychang/bert-base-cased-trec-coarse,128,123.39408,1.8089322233358176,inf,0.9878110302044046,1.1389654951140358,1.267939807348707,0.6225262193214751,1.35,2.438894271850586,117.25466918945312,7.7789459228515625,24.831326723098755,1.6051459312438965,7.747457265853882,6.694951295852661,0.018852949142456055,0.06622600555419922,168.43646955490112
0,3,12,trec,default,aychang/bert-base-cased-trec-coarse,60,50.360695,2.244197709438731,inf,0.9897955643970494,1.0332738023022694,1.019924907220376,0.6239506004171709,1.2486583184257602,3.589329957962036,53.91189193725586,6.899985313415527,11.46882939338684,0.9854347705841064,3.198214054107666,2.6569936275482178,0.013486623764038086,0.05022096633911133,82.7743866443634
0,3,13,trec,default,aychang/bert-base-cased-trec-coarse,10,183.48856,1.4853938836074099,inf,0.9942177092111879,0.95644189264554,1.1105215459947535,0.6413478401668836,1.0105820105820107,1.366307258605957,17.68169903755188,6.380590200424194,1.975816249847412,0.37027406692504883,0.5494499206542969,0.4872090816497803,0.002836465835571289,0.009023904800415039,28.823206186294556
0,3,14,trec,default,aychang/bert-base-cased-trec-coarse,10,41.718666,1.4779222486039243,inf,1.0261655052984464,1.068379016244947,1.1337005610488433,0.6331799726347302,1.2584269662921348,1.5128540992736816,15.482627391815186,6.334818601608276,2.390953540802002,0.31220507621765137,0.4546635150909424,0.3821427822113037,0.0023632049560546875,0.009177207946777344,26.881805419921875
0,3,15,trec,default,aychang/bert-base-cased-trec-coarse,8,1.0000118,1.387387093509857,inf,1.0759271446017142,1.1249239600135474,1.2392735295492485,0.642363186203364,1.355263157894737,1.2817518711090088,6.965871095657349,5.374008893966675,0.7622621059417725,0.17522525787353516,0.21503257751464844,0.19093537330627441,0.0022513866424560547,0.005069255828857422,14.972407817840576
0,3,16,trec,default,aychang/bert-base-cased-trec-coarse,59,143.1746,2.5663375745534114,inf,0.9980616768680347,1.1425278112966601,1.0255639732539517,0.6067299207181288,1.1657657657657658,1.542818307876587,22.913012742996216,5.3114118576049805,5.955573081970215,1.8925538063049316,1.5687127113342285,1.3831491470336914,0.010493040084838867,0.028780221939086914,40.606504917144775
0,3,17,trec,default,aychang/bert-base-cased-trec-coarse,56,118.802895,1.680667698204402,inf,1.0017366718181488,1.1342687868723447,1.0419175970712893,0.586800497000715,1.1828358208955223,1.702981948852539,36.64011812210083,8.014237642288208,14.663180112838745,1.1573655605316162,1.5402376651763916,1.3849983215332031,0.011133670806884766,0.029038667678833008,65.14329171180725
0,3,18,trec,default,aychang/bert-base-cased-trec-coarse,26,126.96552,2.147370786674148,inf,0.9973079377055327,1.086131258488831,1.318128970557526,0.5861888906791326,1.1594202898550725,1.1873672008514404,9.350799322128296,4.828080177307129,2.6096432209014893,0.5016632080078125,0.6759316921234131,0.5916118621826172,0.0034906864166259766,0.00873565673828125,19.757323026657104
0,3,19,trec,default,aychang/bert-base-cased-trec-coarse,6,0.9974575,1.1870040099745565,inf,1.01136351757857,0.9999968265850646,1.0430181613779481,0.6519845477957884,1.0740740740740742,0.8138887882232666,1.9850242137908936,4.315399408340454,0.6059472560882568,0.16992664337158203,0.17518043518066406,0.1397242546081543,0.0011374950408935547,0.0023834705352783203,8.208611965179443
0,3,20,trec,default,aychang/bert-base-cased-trec-coarse,128,107.24743,1.6608643678047468,inf,0.9805083477054319,1.1204201748528655,1.0941657362892985,0.6249328502347563,1.3027604630454142,2.979485511779785,76.38165760040283,8.25691294670105,12.79227352142334,1.8654894828796387,6.930914402008057,6.756911039352417,0.022450685501098633,0.0625307559967041,116.04862594604492
0,3,21,trec,default,aychang/bert-base-cased-trec-coarse,128,56.342205,1.9068692146708541,inf,1.0026485742412565,1.0859503427797825,1.1041490332687791,0.5880008065009643,1.1587301587301588,5.1667516231536865,167.40875601768494,10.91867733001709,26.208561420440674,1.7403154373168945,7.884349822998047,7.205613136291504,0.018833160400390625,0.05041670799255371,226.60227465629578
0,3,22,trec,default,aychang/bert-base-cased-trec-coarse,62,77.69882,1.7460570400872077,inf,0.9876433634423636,1.0550883288344273,1.094418173558638,0.6108527083534657,1.1835443037974684,4.091529130935669,30.839763641357422,8.863292217254639,16.065324544906616,1.1535389423370361,3.170996904373169,1.5453147888183594,0.02308797836303711,0.044547319412231445,65.79739546775818
0,3,23,trec,default,aychang/bert-base-cased-trec-coarse,128,149.3001,2.023194979588611,inf,0.9901161479990731,1.0220880920491517,1.0062270284003842,0.5940146669101236,1.2140221402214022,3.0130178928375244,51.24459385871887,8.00136923789978,29.430964469909668,1.8640689849853516,6.589023590087891,3.177107095718384,0.025050878524780273,0.058788299560546875,103.4039843082428
0,3,24,trec,default,aychang/bert-base-cased-trec-coarse,65,104.99932,1.6104063297298452,inf,0.9941212382324726,1.0120575126726905,1.0409963543788425,0.596695831694206,1.212837837837838,1.9717791080474854,25.60332489013672,6.122328758239746,7.010077238082886,1.1399147510528564,1.6425349712371826,1.4170639514923096,0.010109663009643555,0.033083200454711914,44.95021653175354
0,3,25,trec,default,aychang/bert-base-cased-trec-coarse,128,137.86723,1.4876705812065891,inf,0.9779588536464388,1.0672412292864721,1.0605115140940624,0.6131880359326499,1.3497164461247637,3.0072922706604004,123.67669081687927,8.304537296295166,13.500409364700317,2.38029146194458,7.950606107711792,6.976093530654907,0.0225980281829834,0.08114123344421387,165.89966011047363
0,3,26,trec,default,aychang/bert-base-cased-trec-coarse,115,111.15386,1.8309139570650734,inf,0.998950201600949,1.0288526157188695,1.0159027608735052,0.6221025813414806,1.1602708803611739,6.804243326187134,158.2822117805481,9.463805437088013,27.336891412734985,2.0020031929016113,6.407446384429932,6.215108394622803,0.06314826011657715,0.07098841667175293,216.6458466053009
0,3,27,trec,default,aychang/bert-base-cased-trec-coarse,128,97.39199,2.267576433445037,inf,0.9935296032090652,1.0518764820821838,1.013994926324498,0.6058076377004972,1.1941982272361,6.550445795059204,68.24665212631226,7.131453275680542,13.181244611740112,1.9382951259613037,10.963038206100464,10.942289590835571,0.02265477180480957,0.06296777725219727,119.03904128074646
0,3,28,trec,default,aychang/bert-base-cased-trec-coarse,128,104.979126,1.6372692133485458,inf,1.0069543454518073,1.0566663320841638,1.0499940537910402,0.6264514234065144,1.2446393762183237,6.134417533874512,52.950196981430054,6.897897005081177,12.974875450134277,1.927570104598999,7.5894670486450195,3.2104179859161377,0.02624988555908203,0.05683636665344238,91.7679283618927
0,3,29,trec,default,aychang/bert-base-cased-trec-coarse,128,136.19734,1.7725355687731126,inf,0.9898109058461523,1.0770359721592286,1.0132670709413367,0.6369499368708826,1.2120277563608326,3.178619384765625,139.88258910179138,7.088552951812744,13.76100206375122,4.129420042037964,3.4540395736694336,3.225191354751587,0.027330636978149414,0.0575871467590332,174.80433225631714
0,3,30,trec,default,aychang/bert-base-cased-trec-coarse,14,96.98893,1.883431355602427,inf,0.9759337945750051,1.2078960962356073,1.3163002873380953,0.6587271027009188,1.5825242718446602,0.964622974395752,4.978881359100342,7.060536623001099,4.676951885223389,0.5009481906890869,1.1249322891235352,1.1479699611663818,0.004120826721191406,0.01221323013305664,20.471177339553833
0,3,31,trec,default,aychang/bert-base-cased-trec-coarse,128,126.93023,2.090737616503194,inf,0.9777114950928518,1.0419333911832376,1.0342353403355085,0.6160011223772354,1.209643605870021,6.896865606307983,145.40927648544312,9.40634274482727,23.391193628311157,2.213493824005127,6.934844255447388,7.455966234207153,0.025956392288208008,0.0740671157836914,201.8080062866211
0,3,32,trec,default,aychang/bert-base-cased-trec-coarse,1,1.0,0.9999953213591848,1.0,1.0,1.0,1.0,0.3333333333333333,1.0588235294117647,1.6791627407073975,1.0792512893676758,7.860276460647583,0.2603621482849121,0.10956668853759766,0.10686469078063965,0.04768657684326172,0.0007741451263427734,0.001207113265991211,11.145151853561401
0,3,33,trec,default,aychang/bert-base-cased-trec-coarse,128,127.32354,1.42574961187694,inf,0.9859618557725583,1.0353966851435554,0.9990946799095465,0.6231740459653293,1.2617671345995045,5.209570407867432,125.00037479400635,7.497931718826294,13.427070617675781,1.9622430801391602,7.705825567245483,10.173720121383667,0.0225369930267334,0.058245182037353516,171.05751848220825
0,3,34,trec,default,aychang/bert-base-cased-trec-coarse,104,93.978455,3.308161523411535,inf,0.99121428925091,1.045997630892933,1.0157693258305398,0.6056925851886172,1.169377990430622,2.794579267501831,41.53112435340881,7.756015777587891,12.18393349647522,1.7401854991912842,6.603356122970581,5.994813680648804,0.021475553512573242,0.052686452865600586,78.6781702041626
0,3,35,trec,default,aychang/bert-base-cased-trec-coarse,128,39.64967,1.7816857894758524,inf,0.9972199443920157,1.0420809518035548,1.091969895480322,0.6182065583985101,1.2445972495088409,6.143852233886719,67.33719253540039,6.923886060714722,12.690659999847412,1.8380038738250732,11.070480346679688,10.481321334838867,0.028418540954589844,0.0997469425201416,116.6135618686676
0,3,36,trec,default,aychang/bert-base-cased-trec-coarse,128,109.23986,2.107392249121588,inf,0.9908683111287809,1.074009964265284,1.0540055443351122,0.5891822764953838,1.22001982160555,5.918901681900024,121.54827690124512,9.417922019958496,24.801885843276978,1.7492289543151855,7.859900712966919,7.466317176818848,0.04338812828063965,0.10407257080078125,178.909893989563
0,3,37,trec,default,aychang/bert-base-cased-trec-coarse,2,24.429422,1.0774392263142598,1.0,1.0000000869339076,0.9999999999999998,1.0702591020190138,0.44,1.0,1.5608062744140625,1.9562187194824219,7.617952585220337,0.3464984893798828,0.1234130859375,0.16907072067260742,0.10315370559692383,0.0011756420135498047,0.002462625503540039,11.880751848220825
0,3,38,trec,default,aychang/bert-base-cased-trec-coarse,2,96.64092,1.1980338351791637,1.0833333333333333,1.112930372729898,1.13537121422514,1.1267750846797826,0.6053647058823524,1.1875,1.0858862400054932,1.9451837539672852,6.598822355270386,0.4735143184661865,0.19970107078552246,0.23374652862548828,0.19091248512268066,0.0015478134155273438,0.0058138370513916016,10.735128402709961
0,3,39,trec,default,aychang/bert-base-cased-trec-coarse,63,126.84133,1.596148837466026,inf,0.9635819200400041,1.0639129862391312,1.0366392267586582,0.6588404040445478,1.386459802538787,4.566143989562988,80.08199381828308,45.512648820877075,7.6611878871917725,1.2054967880249023,1.792457103729248,1.5323894023895264,0.014238357543945312,0.03159165382385254,142.3981478214264
0,3,40,trec,default,aychang/bert-base-cased-trec-coarse,25,74.90842,1.6038676469260589,inf,0.9939749301840193,1.0599656828625452,1.0827145815426085,0.6148709640382208,1.1076388888888888,1.2067396640777588,9.68641972541809,4.496984958648682,2.932569742202759,0.49990272521972656,0.6792538166046143,0.5613446235656738,0.0037984848022460938,0.008831501007080078,20.07584524154663
0,3,41,trec,default,aychang/bert-base-cased-trec-coarse,128,84.136566,2.090336472106784,inf,0.986568953912138,0.9991016421882978,1.0107559475470393,0.607445603430549,1.2187017001545595,2.9588141441345215,51.42354369163513,5.949865818023682,12.558473587036133,1.9448046684265137,3.2533257007598877,2.8130486011505127,0.024625301361083984,0.05822181701660156,80.98472332954407
0,3,42,trec,default,aychang/bert-base-cased-trec-coarse,128,97.68746,3.2016890246402467,inf,0.9869873559045066,1.0575386727588534,1.011982650209505,0.620054727134507,1.2445193929173692,2.552823305130005,49.13951015472412,7.179051876068115,21.75689721107483,2.0762674808502197,8.26085877418518,7.917853593826294,0.02370285987854004,0.0640714168548584,98.97103667259216
0,3,43,trec,default,aychang/bert-base-cased-trec-coarse,128,58.562885,1.8717455369433011,inf,0.9931465275554172,1.039709571533189,1.0884890402477172,0.6076305393335767,1.1910204081632654,7.0173211097717285,106.41270136833191,7.7483179569244385,20.722562789916992,1.9132473468780518,3.332801580429077,3.0340006351470947,0.04748082160949707,0.05572056770324707,150.28415417671204
0,4,0,trec,default,aychang/bert-base-cased-trec-coarse,8,128.09311,1.8147414239796624,7.490388061926316e+306,0.995470287249943,1.2746264272796055,1.113106113546818,0.6597667369682723,1.3162393162393162,0.917034387588501,3.3215534687042236,4.1843860149383545,1.0493669509887695,0.2453773021697998,0.23421478271484375,0.19540071487426758,0.0018925666809082031,0.003545522689819336,10.152771711349487
0,4,1,trec,default,aychang/bert-base-cased-trec-coarse,18,0.9772251,2.1217892342524562,inf,0.9894360885695206,1.0000037688647534,1.1089998241769525,0.7046994059997657,1.467741935483871,1.1397581100463867,6.916672229766846,4.447692394256592,1.9873456954956055,0.3815634250640869,0.4479343891143799,0.39119887351989746,0.002276182174682617,0.00603485107421875,15.720476150512695
0,4,2,trec,default,aychang/bert-base-cased-trec-coarse,40,100.872574,1.7686290369070983,inf,0.9860387239641886,1.0176311570188443,1.033529447899392,0.6279583135223102,1.2119565217391304,1.5172595977783203,15.807492733001709,4.623411178588867,4.340869903564453,0.7302954196929932,1.0715010166168213,0.9253973960876465,0.009439945220947266,0.02575826644897461,29.051425457000732
0,4,3,trec,default,aychang/bert-base-cased-trec-coarse,2,91.38147,1.04355948797019,1.1666666666666667,1.014421175067175,0.9999920543139418,1.0202040612204069,0.5782536151279197,1.0263157894736843,0.7900989055633545,0.8752119541168213,4.141101360321045,0.24898505210876465,0.10309529304504395,0.07435083389282227,0.05276131629943848,0.0006499290466308594,0.001117706298828125,6.287372350692749
0,4,4,trec,default,aychang/bert-base-cased-trec-coarse,25,99.18371,1.4152160733149952,inf,0.9986954958069675,1.0249661419710439,1.0426380781511608,0.6376229740689079,1.0321543408360128,1.0440399646759033,10.34016227722168,4.851653337478638,2.7649710178375244,0.5784871578216553,0.7073278427124023,0.5813877582550049,0.004058361053466797,0.009279251098632812,20.881366968154907
0,4,5,trec,default,aychang/bert-base-cased-trec-coarse,128,132.1139,3.1619651601521905,inf,0.9653295136210599,1.0138504882466453,1.017328578345081,0.6244798116471473,1.1887287024901705,3.4167096614837646,47.43726444244385,5.968797206878662,14.380650520324707,2.1902172565460205,3.4162471294403076,3.120478630065918,0.036572933197021484,0.08317351341247559,80.05011129379272
0,4,6,trec,default,aychang/bert-base-cased-trec-coarse,58,132.16649,3.507358253246882,inf,0.9938662081041721,0.9932866965366828,1.0332613154008872,0.6102133285487438,1.0976331360946745,1.8269901275634766,22.37679696083069,5.690314531326294,14.575637102127075,1.1000795364379883,2.6318931579589844,2.3909783363342285,0.01259613037109375,0.06038260459899902,50.66566848754883
0,4,7,trec,default,aychang/bert-base-cased-trec-coarse,9,63.24644,2.277447208500094,inf,0.9999599134880128,1.0000019339989623,1.0968480082830576,0.6277603188669434,1.0296296296296297,1.224416732788086,7.729725122451782,5.9768242835998535,1.7133429050445557,0.2875809669494629,0.485750675201416,0.4393472671508789,0.0037183761596679688,0.008123159408569336,17.868829488754272
0,4,8,trec,default,aychang/bert-base-cased-trec-coarse,58,122.06896,1.7886334377595499,inf,0.9926528884900208,1.0337736387433707,1.042947194888303,0.5876775777043837,1.148068669527897,2.659764051437378,44.22408652305603,6.861625671386719,12.659867763519287,0.9115426540374756,2.7476143836975098,2.3020870685577393,0.015888214111328125,0.04418635368347168,72.42666268348694
0,4,9,trec,default,aychang/bert-base-cased-trec-coarse,18,109.3124,1.6863507056186695,inf,0.9998142306503025,1.0668178614202555,1.0318310782713667,0.619370154960836,1.10989010989011,2.228151798248291,14.742295026779175,6.573597431182861,4.174767732620239,0.4123036861419678,0.6204252243041992,0.3930540084838867,0.0027518272399902344,0.006239652633666992,29.153586387634277
0,4,10,trec,default,aychang/bert-base-cased-trec-coarse,20,70.484726,3.0213462097195216,inf,1.0024707660441663,0.9902269538817423,1.0646985029126355,0.5815950731261517,1.0304182509505704,1.1292698383331299,7.991697788238525,6.3311662673950195,1.9208269119262695,0.4351990222930908,0.5457761287689209,0.4561598300933838,0.0033473968505859375,0.0078046321868896484,18.821247816085815
0,4,11,trec,default,aychang/bert-base-cased-trec-coarse,128,90.993774,2.1464927261920046,inf,0.9874115740709041,1.0092535529054438,1.0167771569993391,0.5963513267223797,1.2127955493741307,2.9905922412872314,45.656469106674194,5.475084066390991,13.82190990447998,1.4843811988830566,2.887528896331787,2.6476547718048096,0.016925811767578125,0.05415701866149902,75.03470301628113
0,4,12,trec,default,aychang/bert-base-cased-trec-coarse,60,46.666065,2.4106028649062106,inf,0.9840158089264859,1.049532738578186,1.029183964527498,0.6151328402361718,1.2307692307692308,1.8845610618591309,22.81957769393921,5.0785346031188965,6.699270248413086,0.9353067874908447,1.533212423324585,1.3611128330230713,0.011468648910522461,0.028032302856445312,40.35107660293579
0,4,13,trec,default,aychang/bert-base-cased-trec-coarse,10,158.44188,1.5443182342902246,1.225,0.9747785951819821,1.0525979921025077,1.122087518482735,0.658256611165523,1.0952380952380953,0.958984375,4.504743814468384,4.220297813415527,1.2234978675842285,0.2682311534881592,0.32737135887145996,0.2544856071472168,0.0020613670349121094,0.005579471588134766,11.765252828598022
0,4,14,trec,default,aychang/bert-base-cased-trec-coarse,10,47.513615,1.5814383539353338,inf,1.0349284944349664,1.0032150113426914,1.029265366096204,0.5986817911798814,1.1797752808988764,0.8790268898010254,3.8768351078033447,5.076343774795532,2.8105180263519287,0.3451218605041504,0.6143825054168701,0.37426304817199707,0.0023956298828125,0.008297204971313477,13.987184047698975
0,4,15,trec,default,aychang/bert-base-cased-trec-coarse,8,1.0000051,1.6172979002678725,inf,0.9983418615215098,0.9999930500002606,1.0943292019925968,0.5828529331826581,1.0263157894736843,1.3172907829284668,6.287312984466553,5.999501943588257,1.6270618438720703,0.2119159698486328,0.37536191940307617,0.2794351577758789,0.0018770694732666016,0.003826618194580078,16.10358428955078
0,4,16,trec,default,aychang/bert-base-cased-trec-coarse,59,132.53554,2.329281318916027,inf,0.9855655013501228,1.04910884568745,1.0271868772827097,0.6050547612709947,1.1693693693693694,3.049760103225708,43.488805294036865,6.659391164779663,11.306855201721191,1.0059797763824463,3.4048447608947754,3.375326156616211,0.011046648025512695,0.029901504516601562,72.33191061019897
0,4,17,trec,default,aychang/bert-base-cased-trec-coarse,56,117.74342,1.6399607344914895,inf,0.973067432807595,0.990708454290004,0.9074860105006234,0.5854712838728859,1.1797752808988764,3.9525671005249023,27.07034420967102,4.815928936004639,6.420287609100342,0.9101285934448242,1.4545502662658691,1.287853717803955,0.009265661239624023,0.029720544815063477,45.95064663887024
0,4,18,trec,default,aychang/bert-base-cased-trec-coarse,26,136.65338,2.7644432065737603,inf,0.9955967216924643,1.049306555977279,1.0375369995416812,0.5689765163278321,1.0579710144927537,1.2112727165222168,9.891929864883423,4.404618978500366,2.5953242778778076,0.5303506851196289,0.6628475189208984,0.5447273254394531,0.004184246063232422,0.009718656539916992,19.854974269866943
0,4,19,trec,default,aychang/bert-base-cased-trec-coarse,6,1.0014371,1.2157177223970481,inf,1.0000001395957057,0.9999968265850644,1.0365491660275574,0.6076748941142115,1.0,0.8000810146331787,2.211376905441284,4.256755828857422,0.551102876663208,0.149522066116333,0.17151474952697754,0.12609410285949707,0.0012822151184082031,0.0031135082244873047,8.270843267440796
0,4,20,trec,default,aychang/bert-base-cased-trec-coarse,128,97.83848,1.9237464496608767,inf,0.9853495009622768,1.0345052486982096,1.0276564038618656,0.609902062479254,1.1578059071729958,3.15423321723938,48.07122850418091,5.9987616539001465,21.027324438095093,2.0250580310821533,7.164964199066162,6.962952613830566,0.023165464401245117,0.07333874702453613,94.50102686882019
0,4,21,trec,default,aychang/bert-base-cased-trec-coarse,128,49.026127,1.9487348000651414,inf,0.9934034177578187,1.033241318954118,1.0234333190432643,0.5837932733456352,1.1225740551583248,6.972293376922607,93.64666485786438,7.896205186843872,22.4342098236084,1.7169716358184814,3.1553051471710205,2.866971731185913,0.019527673721313477,0.05564308166503906,138.76379251480103
0,4,22,trec,default,aychang/bert-base-cased-trec-coarse,62,88.72185,1.830991499083136,inf,0.9714704573841839,1.0115870214103746,1.0237722388928536,0.6140750201891484,1.1946202531645569,1.969355821609497,24.637027740478516,5.035128831863403,7.3292927742004395,1.0655274391174316,1.718139410018921,1.4782295227050781,0.011416912078857422,0.031016111373901367,43.275134563446045
0,4,23,trec,default,aychang/bert-base-cased-trec-coarse,128,140.66658,2.393228051447908,inf,0.9842387083882648,0.9943654163852381,1.0259563067233184,0.5966163816617697,1.1560226354082457,3.2802748680114746,46.364203453063965,5.854843378067017,13.472597360610962,1.9743311405181885,3.17226505279541,2.978485345840454,0.02261042594909668,0.05836987495422363,77.17798089981079
0,4,24,trec,default,aychang/bert-base-cased-trec-coarse,65,117.91505,1.8025103255826735,inf,0.9795066943261558,1.013410797441274,0.9026960621577205,0.5939462240847293,1.2199661590524535,1.9856154918670654,44.39224576950073,6.326727867126465,13.12522292137146,1.0765552520751953,4.31569766998291,3.517116069793701,0.012639999389648438,0.036928653717041016,74.78874969482422
0,4,25,trec,default,aychang/bert-base-cased-trec-coarse,128,98.7524,1.6561833653230253,inf,0.9609153996171994,1.0571633334080348,1.0210873523738935,0.6000629692854624,1.301356589147287,6.348029613494873,97.22986030578613,7.625463008880615,13.658915996551514,1.6557204723358154,3.1313400268554688,2.999438524246216,0.0196230411529541,0.061476945877075195,132.72986793518066
0,4,26,trec,default,aychang/bert-base-cased-trec-coarse,115,111.5233,2.1402777636115435,inf,0.9973768029639564,0.9930765285611486,1.0200331960326476,0.6090150709896412,1.0745481927710843,2.9923417568206787,46.59701657295227,5.836142539978027,11.75414252281189,1.9547715187072754,3.157416343688965,2.8831448554992676,0.0481109619140625,0.06855463981628418,75.29164171218872
0,4,27,trec,default,aychang/bert-base-cased-trec-coarse,128,109.20679,1.872831601369598,inf,0.9815205346724661,1.0198632317985155,1.0169079683045135,0.5927861883717178,1.1578086672117742,3.21791410446167,45.21195077896118,6.030228137969971,18.061609745025635,1.9415416717529297,6.705978870391846,7.465820789337158,0.01613783836364746,0.07436203956604004,88.72554397583008
0,4,28,trec,default,aychang/bert-base-cased-trec-coarse,128,94.4979,1.6316934349066965,inf,0.9875494872191244,1.0510599008490573,1.021294401621964,0.627490350526768,1.2383720930232558,7.561568975448608,100.80399703979492,9.881369829177856,21.8335919380188,1.8568229675292969,3.326728582382202,2.9654932022094727,0.02117919921875,0.05575919151306152,148.30651092529297
0,4,29,trec,default,aychang/bert-base-cased-trec-coarse,128,135.20306,1.9814421421267385,inf,0.9834661795229169,1.025771405687353,1.019167347796544,0.6204561919381898,1.1660201706749418,3.2374191284179688,49.278406858444214,5.892158269882202,13.769202947616577,2.024707794189453,3.4193878173828125,3.0439066886901855,0.02263784408569336,0.058683156967163086,80.74651050567627
0,4,30,trec,default,aychang/bert-base-cased-trec-coarse,14,124.446205,2.8073318196661834,inf,1.0031707009621678,0.9911846680511226,1.0233512599255266,0.5818612274631205,1.1634615384615385,0.959531307220459,5.006124973297119,4.129412651062012,1.8747704029083252,0.24278688430786133,0.3048882484436035,0.24883222579956055,0.0015416145324707031,0.004221677780151367,12.772109985351562
0,4,31,trec,default,aychang/bert-base-cased-trec-coarse,128,125.22518,2.4098962452893193,inf,0.9699079278447643,1.0300469726087356,1.0239601017695281,0.6211849252508072,1.211484593837535,3.091191053390503,49.689462661743164,7.320386648178101,30.031883001327515,2.270732879638672,8.352555990219116,8.119124412536621,0.024670839309692383,0.10548830032348633,109.00549578666687
0,4,32,trec,default,aychang/bert-base-cased-trec-coarse,1,1.0000097,0.9926573480133163,0.38888888888888884,1.1887520208571731,1.0,1.0,0.4666666666666667,1.6470588235294117,1.3964831829071045,0.9199535846710205,5.873000860214233,0.35407352447509766,0.11643600463867188,0.08844733238220215,0.0699915885925293,0.001989126205444336,0.002317190170288086,8.822692394256592
0,4,33,trec,default,aychang/bert-base-cased-trec-coarse,128,120.56425,1.6853793607022565,inf,0.9590328716484168,1.0700119058909408,1.0302576739283993,0.6254983886863695,1.326829268292683,7.62374472618103,93.75262594223022,8.885549545288086,14.315676927566528,1.8985326290130615,3.282618522644043,3.0254762172698975,0.02175617218017578,0.0560765266418457,132.8620572090149
0,4,34,trec,default,aychang/bert-base-cased-trec-coarse,104,102.06663,3.588157231024379,inf,0.9879249775486338,1.0291301751749906,1.0193493546901602,0.6027004634728168,1.1212989493791785,2.6905524730682373,39.10936379432678,5.42591404914856,10.752479553222656,1.5391395092010498,2.6702616214752197,2.433537244796753,0.01883077621459961,0.04872322082519531,64.68880224227905
0,4,35,trec,default,aychang/bert-base-cased-trec-coarse,128,28.084717,1.7911481445431778,inf,0.9988122740101989,1.0166181727266903,1.0135918556180945,0.5945362703222112,1.10184287099903,3.062227487564087,46.51109957695007,5.6245927810668945,13.229105234146118,1.8648841381072998,3.1458287239074707,2.9430124759674072,0.02140974998474121,0.05395984649658203,76.45612001419067
0,4,36,trec,default,aychang/bert-base-cased-trec-coarse,128,102.646484,1.881782421795003,inf,0.98284283245068,0.9967425373251669,1.0279946577881205,0.6035373161221814,1.1923809523809523,3.0953972339630127,89.67779064178467,8.217329263687134,27.406758785247803,1.8667240142822266,7.370107173919678,4.801942586898804,0.020094871520996094,0.07181000709533691,142.52795457839966
0,4,37,trec,default,aychang/bert-base-cased-trec-coarse,2,24.575178,0.4932430068042201,2.9961552247705263e+307,1.0411861039670263,1.6898986287026554,1.1278809266121068,0.5133333333333333,1.380952380952381,1.0985462665557861,1.4816811084747314,5.4266533851623535,0.3358950614929199,0.10745358467102051,0.11284160614013672,0.08649110794067383,0.0006477832794189453,0.001581430435180664,8.651791334152222
0,4,38,trec,default,aychang/bert-base-cased-trec-coarse,2,96.63876,1.1672518289037204,1.0833333333333333,1.0000000706781393,0.9999999999349829,1.1961476626107796,0.5691914893617022,1.0,0.9420254230499268,1.615546703338623,5.518011569976807,0.41066908836364746,0.13307428359985352,0.14524292945861816,0.08269214630126953,0.001013040542602539,0.0018031597137451172,8.850078344345093
0,4,39,trec,default,aychang/bert-base-cased-trec-coarse,63,133.1399,1.5893764280100973,inf,0.9847288455892084,1.0274974619271269,1.0202952077671472,0.6297950813222627,1.2436619718309858,3.0093727111816406,31.868592739105225,5.400528430938721,7.657990455627441,1.0992050170898438,1.7783868312835693,1.5056848526000977,0.012323379516601562,0.03153061866760254,52.36361503601074
0,4,40,trec,default,aychang/bert-base-cased-trec-coarse,25,72.280876,1.7161847183174583,inf,0.97421046276312,1.142471010578977,1.030344971350713,0.6419300123520738,1.2256944444444444,1.2963895797729492,10.04247260093689,4.4760847091674805,3.2100143432617188,0.48792123794555664,0.7043168544769287,0.5729274749755859,0.0039560794830322266,0.009068727493286133,20.803151607513428
0,4,41,trec,default,aychang/bert-base-cased-trec-coarse,128,79.701385,1.9764956783142722,inf,0.9778155349306538,1.02598647836062,1.0165784231503063,0.6091433182308413,1.23338485316847,3.4874138832092285,46.509798526763916,5.836681604385376,14.462300300598145,1.982407569885254,3.272265672683716,3.026320695877075,0.0227813720703125,0.05585455894470215,78.65582418441772
0,4,42,trec,default,aychang/bert-base-cased-trec-coarse,128,82.36627,2.42401558766924,inf,0.9841991773297687,1.0379389364990703,1.0229107954431937,0.6179270868309453,1.233502538071066,3.2280707359313965,47.099292278289795,7.1637938022613525,29.700544834136963,2.017575740814209,7.67350435256958,7.146198749542236,0.024034500122070312,0.06574892997741699,104.11876392364502
0,4,43,trec,default,aychang/bert-base-cased-trec-coarse,128,57.174545,2.246884260592038,inf,0.9877035321576552,1.0222610549165427,1.0212570140212403,0.6084654640288485,1.1652035115722266,7.2223803997039795,104.5836923122406,8.300647974014282,20.533594131469727,2.0361218452453613,3.2928526401519775,3.0362136363983154,0.025243759155273438,0.056836605072021484,149.08758330345154
0,5,0,trec,default,aychang/bert-base-cased-trec-coarse,8,131.76068,2.9238787223540865,inf,1.0097016465089592,1.0000038412441794,1.070243814697624,0.6125186508782351,1.0598290598290598,0.881232738494873,3.251070737838745,4.234251976013184,0.7883644104003906,0.21589088439941406,0.2284235954284668,0.184828519821167,0.0015473365783691406,0.0031495094299316406,9.788759708404541
0,5,1,trec,default,aychang/bert-base-cased-trec-coarse,18,0.99996114,2.9517932382877827,inf,1.0143852742692088,0.9973648472262189,1.0994754403037639,0.5944203357494168,1.0403225806451613,0.9783115386962891,6.7204108238220215,4.4059741497039795,1.8597009181976318,0.4025859832763672,0.4410393238067627,0.36798763275146484,0.002154111862182617,0.0060443878173828125,15.184208869934082
0,5,2,trec,default,aychang/bert-base-cased-trec-coarse,40,85.03963,2.1272702554708034,inf,0.9971172169062134,1.0094068407222194,1.0320595221626685,0.5833934172434098,1.0406504065040652,1.3939638137817383,15.770773649215698,4.777263164520264,3.840904951095581,0.672858476638794,1.0237250328063965,0.9164848327636719,0.011700630187988281,0.03931403160095215,28.446988582611084
0,5,3,trec,default,aychang/bert-base-cased-trec-coarse,2,91.37913,1.0305727454555216,2.9961552247705263e+307,0.9999998982884004,0.999992054313942,1.0202040612204069,0.5856618464961066,1.0263157894736843,0.7549922466278076,0.8696706295013428,4.30740213394165,0.21953368186950684,0.10193657875061035,0.07944035530090332,0.05660200119018555,0.0007727146148681641,0.0011577606201171875,6.391508102416992
0,5,4,trec,default,aychang/bert-base-cased-trec-coarse,25,104.06248,1.7490341951676198,inf,0.999999906278245,1.0000007264827202,1.0409558691927694,0.6169791090253431,1.0,1.197317361831665,9.624402284622192,4.637732267379761,2.745594024658203,0.5371623039245605,0.7033579349517822,0.574066162109375,0.003926992416381836,0.00964212417602539,20.033201456069946
0,5,5,trec,default,aychang/bert-base-cased-trec-coarse,128,116.60421,2.462568680286317,inf,0.9993600285541328,1.002579996472963,1.0176554089355183,0.59846360806627,1.025625,2.9914486408233643,50.37456035614014,6.245689868927002,14.028020858764648,2.183319091796875,3.474107265472412,3.213688850402832,0.02578449249267578,0.0582280158996582,82.5948474407196
0,5,6,trec,default,aychang/bert-base-cased-trec-coarse,58,119.002075,2.707741372056832,inf,0.996346961927994,1.020673232417475,1.0283568952770445,0.5975661046231119,1.0341246290801187,1.7391748428344727,23.362058401107788,5.02853536605835,5.663873910903931,1.0268330574035645,1.5248005390167236,1.348163366317749,0.011129379272460938,0.029013872146606445,39.733582735061646
0,5,7,trec,default,aychang/bert-base-cased-trec-coarse,9,46.663746,2.0761855843204096,inf,1.0000000234502766,1.0000019339989619,1.09836538005474,0.6340885768735861,1.0,0.8782877922058105,3.7697885036468506,4.239167928695679,0.9725110530853271,0.2652254104614258,0.25844311714172363,0.21062326431274414,0.001680612564086914,0.003347158432006836,10.599074840545654
0,5,8,trec,default,aychang/bert-base-cased-trec-coarse,58,126.28247,1.9014179681358645,inf,1.000622145104124,1.000000364515117,1.0390820174687714,0.5710916776776576,1.0064377682403434,1.6330788135528564,20.13781452178955,6.3583831787109375,13.638835430145264,0.9111776351928711,3.7456157207489014,4.086522340774536,0.009583711624145508,0.02707362174987793,50.54808497428894
0,5,9,trec,default,aychang/bert-base-cased-trec-coarse,18,130.93115,1.5259832681684302,inf,0.9973626795367347,0.9999963790374778,1.0315943955469231,0.6296116709533242,1.054945054945055,2.247624635696411,14.14448094367981,6.54908013343811,4.164616346359253,0.3726036548614502,1.0168721675872803,0.770146369934082,0.004526853561401367,0.010844230651855469,29.280795335769653
0,5,10,trec,default,aychang/bert-base-cased-trec-coarse,20,87.265724,2.7493996124137596,inf,0.9946239766950375,1.019155077989134,1.0646985029126352,0.5751338006225204,1.0304182509505704,1.6081712245941162,16.441996812820435,6.512226104736328,4.095383882522583,0.445004940032959,1.144002914428711,1.0143702030181885,0.004502773284912109,0.011381149291992188,31.277040004730225
0,5,11,trec,default,aychang/bert-base-cased-trec-coarse,128,94.39677,2.7781959577703024,inf,0.9968085944077462,0.9999999193854405,1.0135708819030917,0.5668973767617832,1.015075376884422,4.750504493713379,71.81966352462769,6.760972738265991,12.654778003692627,1.5278985500335693,3.146385669708252,2.946506977081299,0.02743363380432129,0.06769990921020508,103.70184350013733
0,5,12,trec,default,aychang/bert-base-cased-trec-coarse,60,37.25138,2.2680153652280297,inf,1.0028981133061785,1.0309724706855163,1.0266752700941175,0.5854610476646088,1.0663082437275986,2.835646390914917,22.151935815811157,4.995365619659424,5.642993688583374,0.9276237487792969,1.5428929328918457,1.3646397590637207,0.01029205322265625,0.028168678283691406,39.49955868721008
0,5,13,trec,default,aychang/bert-base-cased-trec-coarse,10,107.08944,1.9494486067088332,inf,0.9933603775150266,1.007168690534185,1.110521545994753,0.6367696966002153,1.0211640211640212,0.9440922737121582,4.180071592330933,4.558837890625,1.273047685623169,0.3585937023162842,0.3193683624267578,0.2679462432861328,0.0022020339965820312,0.005666971206665039,11.909826755523682
0,5,14,trec,default,aychang/bert-base-cased-trec-coarse,10,84.50513,1.6310446082229315,inf,0.9999998861230287,0.9999952913014445,1.16531170448491,0.573293133083489,1.0,0.9013650417327881,3.7956180572509766,4.502502202987671,1.3808295726776123,0.3066568374633789,0.27961206436157227,0.2447800636291504,0.0014920234680175781,0.00507354736328125,11.417929410934448
0,5,15,trec,default,aychang/bert-base-cased-trec-coarse,8,0.99999744,1.6583928505729444,inf,1.0008020138987932,1.0003400129765054,1.0943292019925965,0.548731679426572,1.0526315789473684,0.9251751899719238,2.9554386138916016,4.069684743881226,0.7658195495605469,0.2092750072479248,0.19585418701171875,0.15795183181762695,0.0012423992156982422,0.002816438674926758,9.283257961273193
0,5,16,trec,default,aychang/bert-base-cased-trec-coarse,59,124.0769,3.07549961320493,inf,0.9999847952807367,1.0183539294847281,1.0273661727110297,0.5833408780735811,1.0306306306306305,1.614567756652832,21.023218393325806,4.873328924179077,14.488614082336426,0.9727559089660645,2.9255213737487793,2.186032295227051,0.016664743423461914,0.05401945114135742,48.154722929000854
0,5,17,trec,default,aychang/bert-base-cased-trec-coarse,56,113.47528,2.162889358333212,inf,0.9971244365266883,1.0055670268456562,1.0314464852114553,0.5559217693047206,1.0242537313432836,2.54931640625,41.098244428634644,7.076212406158447,12.113406896591187,0.9375569820404053,3.428781509399414,3.42350172996521,0.013349533081054688,0.026685714721679688,70.66705560684204
0,5,18,trec,default,aychang/bert-base-cased-trec-coarse,26,123.60224,2.608386367295713,inf,1.0006454198354044,1.0000007095787253,1.0377921273504818,0.5633661682719747,1.0289855072463767,2.5466628074645996,21.135242700576782,6.648694038391113,5.52956748008728,0.5226571559906006,1.6212546825408936,0.9833834171295166,0.007958173751831055,0.013650178909301758,39.00907063484192
0,5,19,trec,default,aychang/bert-base-cased-trec-coarse,6,1.0019785,1.2272685162205945,inf,0.9944340006575734,0.9999968265850648,1.036549166027557,0.6154593801577117,1.037037037037037,1.1682324409484863,4.996365070343018,5.7437639236450195,0.6100254058837891,0.16146349906921387,0.16002440452575684,0.13620352745056152,0.0011289119720458984,0.0022699832916259766,12.979477167129517
0,5,20,trec,default,aychang/bert-base-cased-trec-coarse,128,107.27136,2.582675293223478,inf,0.9947520902909706,1.004198804246859,1.0138093172585454,0.5776024998505235,1.0169779286926994,2.8221969604492188,48.92731285095215,5.819187879562378,13.941548109054565,1.829641580581665,3.231508255004883,2.9706499576568604,0.021232128143310547,0.05599236488342285,79.61927008628845
0,5,21,trec,default,aychang/bert-base-cased-trec-coarse,128,79.722786,2.0411839789287023,inf,0.9999990741526338,0.9936190683374333,1.0173310474722983,0.5665917311343796,1.0166830225711483,2.749764919281006,46.2760214805603,6.035996198654175,12.2293541431427,1.7135610580444336,3.100041627883911,2.8780620098114014,0.018518924713134766,0.056435346603393555,75.05775570869446
0,5,22,trec,default,aychang/bert-base-cased-trec-coarse,62,81.97745,1.8510286507959062,inf,0.997723225475955,1.0139125208903879,1.0184221896925991,0.5769668188716671,1.0395569620253164,1.7847237586975098,31.47768473625183,6.871734380722046,10.77182936668396,1.0626466274261475,2.9584593772888184,2.505984306335449,0.008841991424560547,0.026642560958862305,57.468547105789185
0,5,23,trec,default,aychang/bert-base-cased-trec-coarse,128,109.43469,2.5182217700947334,inf,0.9985587917730101,1.01143594304353,1.0226129157623254,0.567384820923879,1.0281195079086116,6.871798515319824,97.85139966011047,7.681068420410156,19.675097942352295,1.7378816604614258,3.3974592685699463,2.8970937728881836,0.02046966552734375,0.05650663375854492,140.1887755393982
0,5,24,trec,default,aychang/bert-base-cased-trec-coarse,65,106.46186,2.0164743070718547,inf,0.9970284516763454,1.0054788383335562,1.0304583646976835,0.5582228742874964,1.0203045685279188,1.7406821250915527,25.275915145874023,5.050223350524902,7.345986843109131,1.0183420181274414,1.6952292919158936,1.4730424880981445,0.009967327117919922,0.03301215171813965,43.64240074157715
0,5,25,trec,default,aychang/bert-base-cased-trec-coarse,128,115.18823,2.718392267381976,inf,0.9990122843906716,1.0159187934963871,1.0160179276820884,0.557296789259224,1.041780199818347,2.969160795211792,48.756163120269775,5.731701374053955,12.811919689178467,1.6761376857757568,3.1613128185272217,2.89591908454895,0.019971847534179688,0.05595207214355469,78.07823848724365
0,5,26,trec,default,aychang/bert-base-cased-trec-coarse,115,119.47398,2.152988527327563,inf,0.9973734534958147,1.0202829574940533,1.0160889563961302,0.6010210206673702,1.0218538055764883,2.726886034011841,59.15854501724243,9.068944454193115,20.066437244415283,2.011557102203369,8.524334907531738,7.492143630981445,0.022971630096435547,0.09834575653076172,109.17016577720642
0,5,27,trec,default,aychang/bert-base-cased-trec-coarse,128,115.0606,2.691679833646724,inf,0.9840794390109362,0.9938895073756452,1.0081039617850418,0.6028335435502753,1.0953125,8.206236362457275,87.13150382041931,8.65748143196106,22.91099786758423,1.915299892425537,5.389210224151611,5.522234916687012,0.05903148651123047,0.09426069259643555,139.8862566947937
0,5,28,trec,default,aychang/bert-base-cased-trec-coarse,128,94.82391,1.9518959659049802,inf,0.9975986477388769,0.9838450857722323,1.0101120329879503,0.5973001421765589,1.0362903225806452,5.028702259063721,719.3705055713654,9.444347858428955,18.40265154838562,1.884385585784912,5.517818212509155,4.763157606124878,0.058524370193481445,0.10542774200439453,764.5755207538605
0,5,29,trec,default,aychang/bert-base-cased-trec-coarse,128,110.23696,2.3088610871607855,inf,0.9994434139215818,1.0000005284481492,1.0157234096273309,0.5921509862570192,1.0112269446672013,4.2150774002075195,571.803548336029,7.528862476348877,11.04053282737732,1.95351243019104,3.3609426021575928,3.059269428253174,0.015730857849121094,0.05233454704284668,603.0298109054565
0,5,30,trec,default,aychang/bert-base-cased-trec-coarse,14,103.52333,3.454712076644257,inf,0.9999999814114343,1.0000069486388656,1.0280054532158065,0.5063336872120104,1.0,0.9461669921875,4.298779726028442,4.685898303985596,1.1547784805297852,0.22830796241760254,0.3107266426086426,0.2531909942626953,0.0014815330505371094,0.004334449768066406,11.883665084838867
0,5,31,trec,default,aychang/bert-base-cased-trec-coarse,128,138.85905,3.0035389363687877,inf,0.9966061222448279,0.9994446908919505,1.017609513774171,0.5870221096766143,1.0213827512473272,2.5462331771850586,49.55116319656372,5.842771291732788,11.795814275741577,2.068160057067871,3.1458942890167236,2.926621198654175,0.02456521987915039,0.06066155433654785,77.96188426017761
0,5,32,trec,default,aychang/bert-base-cased-trec-coarse,1,1.0,0.9999953213591848,1.0,1.0,1.0,1.0,0.3333333333333333,1.0588235294117647,0.6488127708435059,0.3806018829345703,4.206368446350098,0.10066652297973633,0.07461285591125488,0.03510093688964844,0.026210784912109375,0.0002963542938232422,0.0006597042083740234,5.47333025932312
0,5,33,trec,default,aychang/bert-base-cased-trec-coarse,128,121.273766,2.6118691814026973,inf,0.998718064502058,1.0027052987524117,1.015842714608228,0.5699789868619721,1.0291345329905741,2.411057472229004,48.826027631759644,6.087336778640747,11.754663228988647,1.783590316772461,2.9220168590545654,4.953120231628418,0.022152185440063477,0.05550885200500488,78.81547355651855
0,5,34,trec,default,aychang/bert-base-cased-trec-coarse,104,94.274536,3.6033596533170282,inf,0.999640615112843,1.0052439114671456,1.0136088378653403,0.5843268352068367,1.0171919770773639,4.345668315887451,80.36675000190735,7.630558013916016,19.470609188079834,1.590125560760498,6.239196300506592,5.703936338424683,0.01986837387084961,0.05229640007019043,125.41900849342346
0,5,35,trec,default,aychang/bert-base-cased-trec-coarse,128,39.659355,1.7856250478172335,inf,0.9927688417418804,1.0156525302734292,1.0127676717110452,0.5867167614412165,1.0393474088291748,7.152955770492554,66.61133122444153,5.538740873336792,12.54328203201294,1.6697657108306885,3.1689281463623047,2.9643518924713135,0.021128416061401367,0.05527091026306152,99.72575497627258
0,5,36,trec,default,aychang/bert-base-cased-trec-coarse,128,120.740456,2.488265925483525,inf,0.9976800234459806,1.0013180478594566,1.0290100856257616,0.5673109225829893,1.0303317535545025,2.778215169906616,47.769102811813354,6.233484745025635,12.997004985809326,1.755805253982544,3.074833631515503,2.8199217319488525,0.019262313842773438,0.053383827209472656,77.50101447105408
0,5,37,trec,default,aychang/bert-base-cased-trec-coarse,2,24.429422,1.0774392263142598,1.0,1.0000000869339076,0.9999999999999998,1.0702591020190138,0.44,1.0,0.7448828220367432,0.6723794937133789,4.186156272888184,0.23726582527160645,0.08625316619873047,0.06805300712585449,0.04582643508911133,0.0006148815155029297,0.000982522964477539,6.042414426803589
0,5,38,trec,default,aychang/bert-base-cased-trec-coarse,2,96.63476,1.0829132953380567,1.0833333333333333,0.9705909761524801,0.9999999999349831,1.1961476626107792,0.5877106382978726,1.125,0.7472543716430664,0.83595871925354,5.0021398067474365,0.22949624061584473,0.09840798377990723,0.07123541831970215,0.06620669364929199,0.0007603168487548828,0.0011413097381591797,7.052600860595703
0,5,39,trec,default,aychang/bert-base-cased-trec-coarse,63,141.96959,2.2011764991177523,inf,0.9961029909969213,0.9999997407522669,1.015651817646006,0.5972801315233786,1.032394366197183,4.2084150314331055,51.21272087097168,6.692846298217773,13.522635459899902,1.121009349822998,3.136526107788086,2.5752251148223877,0.02499842643737793,0.05702638626098633,82.5514030456543
0,5,40,trec,default,aychang/bert-base-cased-trec-coarse,25,75.69707,1.7726108910832599,inf,1.001181171529031,0.9477289002217021,1.0182356605900573,0.5970885208335449,1.0486111111111112,1.9679594039916992,18.9885151386261,6.232980012893677,5.770113229751587,0.45085835456848145,1.2278647422790527,0.8576679229736328,0.004550933837890625,0.012082815170288086,35.51259255409241
